name;Noise;NoiseSuspect;SIG;w
com.google.common.collect.ArrayListMultimap;0;0;0,0;0,005
com.google.common.cache.CacheBuilder$NullComputingConcurrentMap;0;0;0,0;0,005
com.google.common.collect.TransformedImmutableList$1;0;0;0,073;0,007
com.google.common.collect.Maps$ValueDifferenceImpl;0;1;0,088;0,008
com.google.common.collect.ImmutableMultimap$FieldSettersHolder;0;0;0,087;0,007
com.google.common.collect.HashBasedTable;0;0;0,0;0,005
com.google.common.collect.LinkedHashMultimap$1;0;0;0,003;0,007
com.google.common.collect.Collections2;1;0;0,154;0,07
com.google.common.collect.PeekingIterator;0;1;0,069;0,021
com.google.common.collect.BstPathFactory;0;0;0,024;0,009
com.google.common.collect.StandardTable$RowMap$EntryIterator;0;0;0,016;0,007
com.google.common.cache.CustomConcurrentHashMap$WriteThroughEntry;0;0;0,026;0,015
com.google.common.eventbus.AnnotatedHandlerFinder;0;0;0,007;0,006
com.google.common.collect.ImmutableClassToInstanceMap$Builder;0;0;0,004;0,007
com.google.common.collect.ImmutableBiMap$EmptyBiMap;0;0;0,076;0,007
com.google.common.primitives.SignedBytes$LexicographicalComparator;0;0;0,001;0,012
com.google.common.base.Predicates$ContainsPatternPredicate;0;0;0,082;0,007
com.google.common.cache.CustomConcurrentHashMap$ExpirationQueue;0;0;0,03;0,011
com.google.common.collect.CustomConcurrentHashMap$ValueReference;1;0;0,117;0,569
com.google.common.collect.NullsLastOrdering;0;0;0,065;0,009
com.google.common.collect.ImmutableSet$ArrayImmutableSet;0;0;0,074;0,013
com.google.common.collect.GeneralRange$1;0;0;0,013;0,006
com.google.common.collect.LinkedListMultimap$3$1;0;0;0,01;0,007
com.google.common.collect.RegularImmutableMultiset;0;1;0,1;0,008
com.google.common.collect.RegularImmutableMap;1;0;0,106;0,022
com.google.common.collect.BstNode$1;0;0;0,009;0,025
com.google.common.cache.CacheBuilder$NullCache;0;0;0,022;0,006
com.google.common.base.Objects$ToStringHelper;0;1;0,096;0,08
com.google.common.collect.AbstractSortedMultiset;0;0;0,017;0,009
com.google.common.collect.CustomConcurrentHashMap$AbstractReferenceEntry;0;0;0,066;0,01
com.google.common.base.Enums$1;0;0;0,008;0,009
com.google.common.collect.LinkedListMultimap$AsMapEntries;0;0;0,015;0,014
com.google.common.collect.Maps$AbstractFilteredMap$Values$1;0;0;0,077;0,007
com.google.common.base.Joiner;1;0;0,124;0,04
com.google.common.collect.RegularImmutableMap$Values$1;0;0;0,079;0,007
com.google.common.collect.SingletonImmutableMap;0;0;0,094;0,016
com.google.common.cache.CustomConcurrentHashMap$ComputedReference;0;0;0,024;0,006
com.google.common.net.HostSpecifier;0;0;0,0;0,005
com.google.common.collect.EvictionListeners$1;0;0;0,006;0,012
com.google.common.collect.RegularImmutableMap$LinkedEntry;0;1;0,099;0,02
com.google.common.base.Strings;0;0;0,0;0,005
com.google.common.collect.Lists$Partition;0;1;0,071;0,018
com.google.common.collect.Constraints$ConstrainedRandomAccessList;0;0;0,018;0,007
com.google.common.io.Resources$1;0;0;0,004;0,006
com.google.common.collect.DiscreteDomain;0;0;0,059;0,04
com.google.common.util.concurrent.Atomics;0;0;0,0;0,005
com.google.common.collect.MapConstraints$ConstrainedAsMapValues;0;0;0,016;0,018
com.google.common.collect.AbstractBiMap$EntrySet$1;0;0;0,01;0,008
com.google.common.collect.Sets$PowerSet$1;0;0;0,081;0,011
com.google.common.util.concurrent.AbstractIdleService$1;0;0;0,009;0,012
com.google.common.util.concurrent.AbstractIdleService$2;0;0;0,004;0,008
com.google.common.collect.Cut;0;0;0,034;0,014
com.google.common.collect.Tables$TransposeTable$CellSet;0;0;0,019;0,006
com.google.common.base.Functions;0;0;0,0;0,005
com.google.common.io.Resources;0;0;0,0;0,005
com.google.common.collect.MapConstraints$ConstrainedMultimap;0;0;0,026;0,012
com.google.common.collect.CustomConcurrentHashMap$WeakExpirableEntry;0;0;0,06;0,007
com.google.common.util.concurrent.UninterruptibleFuture;0;0;0,019;0,009
com.google.common.collect.ImmutableSortedSet$Builder;0;1;0,089;0,013
com.google.common.collect.Constraints$ConstrainedListIterator;0;0;0,018;0,007
com.google.common.collect.Multisets$SetMultiset$1;0;1;0,1;0,008
com.google.common.util.concurrent.FutureCallback;0;0;0,016;0,007
com.google.common.util.concurrent.Service;0;0;0,017;0,014
com.google.common.collect.Multimaps$UnmodifiableMultimap;0;0;0,021;0,011
com.google.common.cache.RemovalListeners;0;0;0,0;0,005
com.google.common.collect.Maps$FilteredEntryMap$EntrySet;0;0;0,085;0,012
com.google.common.collect.StandardTable;0;0;0,094;0,054
com.google.common.collect.ImmutableSortedMultiset$SerializedForm;0;0;0,01;0,006
com.google.common.collect.ImmutableMultimap$EntryCollection$1;0;0;0,077;0,007
com.google.common.collect.ImmutableSortedSetFauxverideShim;0;0;0,084;0,008
com.google.common.collect.CustomConcurrentHashMap$SoftExpirableEvictableEntry;0;0;0,06;0,007
com.google.common.collect.LinkedHashMultimap$SetDecorator$1;0;0;0,004;0,007
com.google.common.collect.ImmutableEntry;1;0;0,123;0,046
com.google.common.collect.Ordering$ArbitraryOrderingHolder;0;0;0,065;0,009
com.google.common.base.Joiner$1;0;1;0,085;0,02
com.google.common.base.Joiner$2;0;0;0,082;0,012
com.google.common.collect.StandardTable$1;0;0;0,05;0,038
com.google.common.util.concurrent.SimpleTimeLimiter;0;0;0,004;0,015
com.google.common.collect.MapConstraints$ConstrainedAsMapEntries;0;0;0,016;0,007
com.google.common.base.Joiner$3;0;0;0,083;0,012
com.google.common.collect.BstNode;0;0;0,075;0,07
com.google.common.collect.Collections2$TransformedCollection;0;1;0,099;0,015
com.google.common.collect.ArrayTable$RowMap;0;0;0,011;0,007
com.google.common.io.ByteStreams$ByteArrayDataOutputStream;0;0;0,011;0,006
com.google.common.primitives.Chars$CharArrayAsList;0;0;0,002;0,011
com.google.common.collect.AbstractMultimap$WrappedSortedSet;0;0;0,052;0,01
com.google.common.collect.CustomConcurrentHashMap$NullEntry;0;1;0,068;0,013
com.google.common.collect.Synchronized$SynchronizedAsMap;0;0;0,076;0,007
com.google.common.base.FinalizableReferenceQueue$SystemLoader;0;0;0,005;0,009
com.google.common.collect.ImmutableSetMultimap;0;1;0,091;0,011
com.google.common.base.Equivalences$Equals;1;0;0,108;0,008
com.google.common.io.LineReader$1;0;0;0,006;0,008
com.google.common.collect.Lists$AbstractListWrapper;0;1;0,074;0,03
com.google.common.base.internal.Finalizer$ShutDown;0;0;0,004;0,008
com.google.common.collect.AbstractMapBasedMultiset;1;0;0,139;0,019
com.google.common.collect.CustomConcurrentHashMap$EvictionQueue$1;0;0;0,062;0,008
com.google.common.collect.CustomConcurrentHashMap$CleanupMapTask;0;0;0,0;0,005
com.google.common.collect.CustomConcurrentHashMap$EvictionQueue$2;0;0;0,062;0,008
com.google.common.collect.Interner;0;0;0,016;0,012
com.google.common.collect.BstModifier;0;0;0,025;0,009
com.google.common.collect.SortedLists$1;0;1;0,096;0,048
com.google.common.collect.StandardTable$ColumnMap;0;0;0,024;0,011
com.google.common.collect.RegularImmutableList$1;0;0;0,057;0,008
com.google.common.collect.Lists$2;0;0;0,069;0,01
com.google.common.collect.StandardTable$2;0;0;0,016;0,008
com.google.common.collect.Lists$1;0;0;0,069;0,01
com.google.common.collect.MapConstraints$ConstrainedEntries$1;0;0;0,013;0,007
com.google.common.collect.EnumBiMap;0;0;0,004;0,006
com.google.common.collect.SingletonImmutableList$1;0;0;0,057;0,008
com.google.common.base.Supplier;1;0;0,241;0,085
com.google.common.collect.ImmutableSortedMultisetFauxverideShim;0;0;0,01;0,006
com.google.common.collect.EmptyImmutableListMultimap;0;0;0,082;0,006
com.google.common.collect.Collections2$FilteredCollection;0;1;0,089;0,022
com.google.common.collect.ImmutableMultiset$SerializedForm;0;0;0,097;0,007
com.google.common.collect.ImmutableSetMultimap$SortedKeyBuilderMultimap;0;0;0,079;0,006
com.google.common.collect.Maps$ImprovedAbstractMap;0;0;0,047;0,034
com.google.common.eventbus.EventBus;0;0;0,019;0,019
com.google.common.collect.ReverseOrdering;0;0;0,065;0,009
com.google.common.eventbus.AsyncEventBus$1;0;0;0,003;0,007
com.google.common.cache.CustomConcurrentHashMap$SoftValueReference;0;0;0,026;0,006
com.google.common.eventbus.Subscribe;0;0;0,009;0,006
com.google.common.collect.Synchronized;1;0;0,131;0,037
com.google.common.collect.StandardTable$RowKeySet;0;0;0,021;0,009
com.google.common.cache.CacheBuilder$NullListener;0;0;0,024;0,009
com.google.common.collect.ArrayTable$ColumnMap;0;0;0,011;0,007
com.google.common.cache.CustomConcurrentHashMap$WeakValueReference;0;0;0,026;0,006
com.google.common.collect.Iterators$PeekingImpl;0;0;0,059;0,011
com.google.common.collect.Multimaps$Keys$2;0;0;0,052;0,007
com.google.common.collect.ForwardingList;0;0;0,016;0,007
com.google.common.collect.Multimaps$Keys$1;0;0;0,054;0,01
com.google.common.collect.Synchronized$SynchronizedSet;0;1;0,082;0,011
com.google.common.primitives.UnsignedLongs;0;0;0,007;0,015
com.google.common.primitives.Shorts$LexicographicalComparator;0;0;0,002;0,011
com.google.common.collect.HashBiMap;0;0;0,0;0,005
com.google.common.collect.Maps$EntryTransformer;1;0;0,144;0,041
com.google.common.collect.Ordering;1;0;0,205;0,081
com.google.common.collect.Tables$TransformedTable$3;0;0;0,018;0,007
com.google.common.collect.Tables$TransformedTable$2;0;0;0,018;0,007
com.google.common.io.LineReader;0;0;0,01;0,009
com.google.common.collect.Tables$TransformedTable$1;0;0;0,018;0,007
com.google.common.primitives.UnsignedBytes$LexicographicalComparatorHolder$UnsafeComparator$1;0;0;0,004;0,007
com.google.common.collect.EnumMultiset;0;0;0,0;0,005
com.google.common.collect.Sets$SetFromMap;0;0;0,084;0,009
com.google.common.collect.Multimaps$CustomListMultimap;0;0;0,013;0,006
com.google.common.collect.SortedTreeMultiset$3;0;0;0,009;0,006
com.google.common.collect.SortedTreeMultiset$4;0;0;0,009;0,006
com.google.common.collect.Hashing;0;1;0,078;0,019
com.google.common.collect.SortedTreeMultiset$1;0;0;0,028;0,017
com.google.common.cache.CustomConcurrentHashMap$EvictionQueue$1;0;0;0,022;0,007
com.google.common.collect.SortedTreeMultiset$2;0;0;0,009;0,006
com.google.common.cache.CustomConcurrentHashMap$EvictionQueue$2;0;0;0,022;0,007
com.google.common.collect.BstRangeOps$1;0;0;0,012;0,006
com.google.common.collect.LinkedListMultimap$AsMapEntries$1$1;0;0;0,009;0,01
com.google.common.collect.SortedTreeMultiset$5;0;0;0,009;0,006
com.google.common.collect.AbstractMultimap$WrappedCollection;0;1;0,063;0,034
com.google.common.util.concurrent.CheckedFuture;0;0;0,026;0,011
com.google.common.collect.Synchronized$SynchronizedSortedSetMultimap;0;0;0,076;0,007
com.google.common.collect.Multimaps$AsMap;0;0;0,003;0,009
com.google.common.collect.StandardTable$Column$Values$2;0;0;0,016;0,007
com.google.common.collect.SortedMultiset;0;0;0,054;0,018
com.google.common.collect.ConcurrentHashMultiset$FieldSettersHolder;0;0;0,006;0,006
com.google.common.collect.AbstractMapBasedMultiset$1$1;0;0;0,09;0,007
com.google.common.collect.Lists$TwoPlusArrayList;0;0;0,069;0,01
com.google.common.collect.StandardTable$Column$Values$1;0;0;0,016;0,007
com.google.common.collect.Cut$1;0;0;0,019;0,007
com.google.common.collect.DescendingImmutableSortedMultiset;0;0;0,01;0,006
com.google.common.collect.MapConstraints$ConstrainedMap;0;0;0,02;0,009
com.google.common.util.concurrent.Futures$ChainingListenableFuture;0;0;0,016;0,008
com.google.common.collect.SortedTreeMultiset$AddModifier;0;0;0,009;0,006
com.google.common.collect.DiscreteDomains$BigIntegerDomain;0;0;0,004;0,007
com.google.common.collect.SortedMapDifference;0;0;0,009;0,007
com.google.common.collect.RegularImmutableSet;0;0;0,068;0,012
com.google.common.collect.SortedLists$KeyPresentBehavior$2;0;0;0,076;0,01
com.google.common.collect.SortedLists$KeyPresentBehavior$1;0;0;0,076;0,01
com.google.common.collect.MapMaker$NullConcurrentMap;0;1;0,069;0,011
com.google.common.collect.ForwardingSortedSet;0;0;0,018;0,007
com.google.common.collect.Multimaps$EntrySet;0;0;0,052;0,008
com.google.common.collect.ImmutableListMultimap;0;1;0,098;0,013
com.google.common.collect.SortedLists$KeyPresentBehavior$4;0;0;0,076;0,01
com.google.common.collect.SortedLists$KeyPresentBehavior$3;0;0;0,076;0,01
com.google.common.base.Equivalence$1;0;1;0,076;0,019
com.google.common.collect.SortedLists$KeyPresentBehavior$5;0;0;0,076;0,01
com.google.common.cache.RemovalCause$4;0;0;0,009;0,027
com.google.common.cache.RemovalCause$5;0;0;0,009;0,027
com.google.common.collect.ImmutableAsList;0;1;0,066;0,016
com.google.common.cache.RemovalCause$1;0;0;0,012;0,074
com.google.common.cache.RemovalCause$2;0;0;0,009;0,027
com.google.common.cache.RemovalCause$3;0;0;0,009;0,027
com.google.common.collect.WellBehavedMap;0;0;0,012;0,008
com.google.common.collect.Multimaps$UnmodifiableMultimap$1;0;0;0,013;0,007
com.google.common.base.FinalizableReferenceQueue;0;0;0,018;0,02
com.google.common.collect.SingletonImmutableSet;0;0;0,068;0,012
com.google.common.collect.Cut$BelowValue;0;0;0,017;0,007
com.google.common.collect.ImmutableList$SerializedForm;0;0;0,06;0,015
com.google.common.collect.ImmutableSetMultimap$Builder;0;0;0,079;0,006
com.google.common.collect.Multimaps;0;0;0,028;0,018
com.google.common.collect.BstRangeOps;0;0;0,01;0,006
com.google.common.collect.ClassToInstanceMap;0;0;0,01;0,008
com.google.common.util.concurrent.ForwardingExecutorService;0;0;0,004;0,007
com.google.common.collect.ImmutableMultiset;1;0;0,152;0,026
com.google.common.util.concurrent.AbstractListeningExecutorService;0;0;0,021;0,012
com.google.common.util.concurrent.Futures$ChainingListenableFuture$1;0;0;0,012;0,006
com.google.common.collect.Multisets$AbstractEntry;1;0;0,123;0,021
com.google.common.util.concurrent.UncheckedTimeoutException;0;0;0,003;0,007
com.google.common.collect.ComputingConcurrentHashMap$ComputedReference;0;0;0,068;0,006
com.google.common.collect.CustomConcurrentHashMap$SoftExpirableEntry;0;0;0,06;0,007
com.google.common.primitives.UnsignedBytes;0;0;0,008;0,031
com.google.common.collect.AbstractIterator;1;0;0,106;0,021
com.google.common.collect.Maps$FilteredEntryMap$EntrySet$1$1;0;0;0,073;0,008
com.google.common.base.CharMatcher$And;0;0;0,033;0,014
com.google.common.collect.StandardTable$TableCollection;0;0;0,021;0,009
com.google.common.collect.Multimaps$TransformedEntriesMultimap$TransformedEntries;0;0;0,016;0,007
com.google.common.base.Suppliers$MemoizingSupplier;0;0;0,024;0,006
com.google.common.collect.MutableClassToInstanceMap;0;0;0,003;0,008
com.google.common.util.concurrent.Futures;0;0;0,018;0,009
com.google.common.collect.SortedMaps$SortedMapDifferenceImpl;0;0;0,005;0,006
com.google.common.collect.TreeBasedTable$1;0;0;0,004;0,006
com.google.common.base.Equivalences;1;0;0,134;0,013
com.google.common.collect.BstMutationResult;0;0;0,02;0,007
com.google.common.cache.RemovalListener;0;0;0,041;0,022
com.google.common.base.FinalizablePhantomReference;0;0;0,0;0,005
com.google.common.io.MultiInputStream;0;0;0,012;0,008
com.google.common.collect.ImmutableSet$TransformedImmutableSet;0;0;0,084;0,011
com.google.common.collect.MapMaker$RemovalNotification;0;1;0,078;0,06
com.google.common.base.Functions$PredicateFunction;0;0;0,004;0,006
com.google.common.collect.EmptyImmutableSortedSet;0;0;0,084;0,008
com.google.common.collect.AbstractMultimap$RandomAccessWrappedList;0;0;0,052;0,01
com.google.common.collect.ImmutableEnumSet;0;1;0,087;0,017
com.google.common.primitives.Doubles$LexicographicalComparator;0;0;0,002;0,011
com.google.common.collect.ArrayTable;0;0;0,05;0,031
com.google.common.util.concurrent.AbstractService;0;0;0,014;0,012
com.google.common.cache.CustomConcurrentHashMap$EntrySet;0;0;0,015;0,008
com.google.common.collect.LinkedListMultimap;0;0;0,039;0,034
com.google.common.collect.AbstractSetMultimap;0;0;0,032;0,013
com.google.common.primitives.UnsignedLongs$LexicographicalComparator;0;0;0,003;0,01
com.google.common.util.concurrent.JdkFutureAdapters$ListenableFutureAdapter;0;0;0,017;0,01
com.google.common.collect.Multiset$Entry;1;0;0,251;0,294
com.google.common.base.Predicates$NotPredicate;0;0;0,082;0,007
com.google.common.base.Suppliers$SupplierFunction;0;0;0,024;0,006
com.google.common.collect.AbstractMultiset$ElementSet;1;0;0,103;0,007
com.google.common.io.LimitInputStream;0;0;0,011;0,007
com.google.common.primitives.Doubles;0;0;0,004;0,019
com.google.common.base.Optional$Present;0;0;0,017;0,007
com.google.common.collect.MapConstraints$ConstrainedEntrySet;0;0;0,014;0,006
com.google.common.collect.ImmutableList$Builder;0;1;0,08;0,019
com.google.common.collect.EnumHashBiMap;0;0;0,004;0,006
com.google.common.util.concurrent.ThreadFactoryBuilder;0;0;0,023;0,008
com.google.common.collect.AbstractMapBasedMultiset$MapBasedElementSet$1;0;0;0,091;0,007
com.google.common.collect.Constraints$NotNullConstraint;0;0;0,018;0,007
com.google.common.collect.AbstractMultiset;1;0;0,138;0,016
com.google.common.io.LineBuffer;0;0;0,009;0,012
com.google.common.primitives.Shorts;0;0;0,004;0,019
com.google.common.collect.ImmutableSortedSet$SerializedForm;0;0;0,084;0,008
com.google.common.collect.Iterators;1;0;0,348;0,185
com.google.common.collect.CompoundOrdering;0;0;0,065;0,009
com.google.common.cache.AbstractCache$SimpleStatsCounter;0;0;0,03;0,009
com.google.common.collect.SortedMultisets;0;0;0,015;0,007
com.google.common.collect.Multimaps$MapMultimap;0;0;0,027;0,023
com.google.common.util.concurrent.FakeTimeLimiter;0;0;0,0;0,005
com.google.common.collect.BstSide;0;0;0,058;0,264
com.google.common.collect.Ordering$IncomparableValueException;0;0;0,064;0,007
com.google.common.collect.Maps$TransformedEntriesMap$2;0;0;0,079;0,009
com.google.common.collect.ImmutableMultiset$1;0;0;0,097;0,007
com.google.common.collect.Maps$TransformedEntriesMap$1;0;0;0,082;0,01
com.google.common.collect.ComparisonChain$InactiveComparisonChain;0;0;0,003;0,011
com.google.common.collect.BstAggregate;0;0;0,035;0,012
com.google.common.collect.Synchronized$SynchronizedMap;0;1;0,085;0,012
com.google.common.cache.ForwardingCache$SimpleForwardingCache;0;0;0,0;0,005
com.google.common.collect.Maps$Values$1;0;0;0,078;0,009
com.google.common.collect.Cut$BelowAll;0;0;0,017;0,007
com.google.common.util.concurrent.UncaughtExceptionHandlers;0;0;0,0;0,005
com.google.common.collect.CustomConcurrentHashMap$StrongEvictableEntry;0;0;0,06;0,007
com.google.common.collect.SortedTreeMultiset$SetCountModifier;0;0;0,009;0,006
com.google.common.collect.ReverseNaturalOrdering;0;0;0,063;0,008
com.google.common.collect.MapConstraints$InverseConstraint;0;0;0,015;0,007
com.google.common.collect.StandardTable$Column$EntrySet;0;0;0,018;0,007
com.google.common.util.concurrent.ExecutionList$RunnableExecutorPair;0;0;0,013;0,014
com.google.common.collect.AsynchronousComputationException;0;0;0,0;0,005
com.google.common.collect.Multimaps$TransformedEntriesMultimap$TransformedEntries$1;0;0;0,019;0,008
com.google.common.collect.CustomConcurrentHashMap$SoftEvictableEntry;0;0;0,06;0,007
com.google.common.cache.CacheBuilder$1;0;0;0,022;0,006
com.google.common.collect.SingletonImmutableMap$Values;0;0;0,084;0,008
com.google.common.collect.RegularImmutableMap$Values;0;1;0,084;0,008
com.google.common.cache.CacheBuilder$2;0;0;0,023;0,006
com.google.common.annotations.VisibleForTesting;0;0;0,0;0,005
com.google.common.base.Functions$ForMapWithDefault;0;0;0,004;0,006
com.google.common.collect.StandardTable$Values$1;0;0;0,015;0,008
com.google.common.collect.BstSide$1;0;0;0,003;0,168
com.google.common.collect.BstSide$2;0;0;0,003;0,118
com.google.common.io.CharStreams$4;0;0;0,007;0,006
com.google.common.cache.CustomConcurrentHashMap$KeyIterator;0;0;0,017;0,009
com.google.common.cache.CustomConcurrentHashMap$EntryFactory;0;0;0,058;0,023
com.google.common.collect.Lists$RandomAccessPartition;0;0;0,069;0,01
com.google.common.collect.MapMaker$NullComputingConcurrentMap;0;0;0,067;0,009
com.google.common.net.TldPatterns;0;0;0,005;0,006
com.google.common.collect.ComputingConcurrentHashMap;0;0;0,066;0,007
com.google.common.collect.Lists$RandomAccessReverseList;0;0;0,069;0,01
com.google.common.collect.Multisets$MultisetIteratorImpl;1;0;0,108;0,008
com.google.common.collect.LinkedHashMultimap$SetDecorator;0;0;0,006;0,01
com.google.common.collect.Interners$CustomInterner$Dummy;0;0;0,006;0,006
com.google.common.collect.Multimaps$TransformedEntriesMultimap;0;0;0,036;0,016
com.google.common.collect.SortedLists;0;1;0,098;0,008
com.google.common.collect.BstBalancePolicy;0;0;0,039;0,012
com.google.common.base.FinalizableReferenceQueue$DirectLoader;0;0;0,006;0,009
com.google.common.base.Equivalences$Identity;1;0;0,108;0,008
com.google.common.collect.StandardTable$ColumnMap$ColumnMapEntrySet$1;0;0;0,016;0,006
com.google.common.collect.ImmutableSortedMap$4;0;0;0,074;0,007
com.google.common.collect.ImmutableSortedMap$1;0;0;0,075;0,007
com.google.common.collect.AbstractSortedSetMultimap;0;0;0,019;0,008
com.google.common.cache.CustomConcurrentHashMap$StrongValueReference;0;0;0,026;0,006
com.google.common.collect.RowSortedTable;0;0;0,009;0,007
com.google.common.collect.ImmutableSortedMap$3;0;0;0,074;0,007
com.google.common.base.Functions$FunctionForMapNoDefault;0;0;0,004;0,006
com.google.common.collect.ImmutableMultimap$Values;0;1;0,083;0,01
com.google.common.collect.ImmutableSortedMap$2;0;0;0,074;0,007
com.google.common.collect.Iterables$UnmodifiableIterable;0;0;0,077;0,008
com.google.common.util.concurrent.AbstractIdleService$1$1;0;0;0,005;0,008
com.google.common.collect.Maps$UnmodifiableBiMap;0;0;0,083;0,008
com.google.common.collect.ByFunctionOrdering;0;0;0,065;0,009
com.google.common.base.Optional$Absent;0;0;0,017;0,007
com.google.common.util.concurrent.AbstractIdleService$1$2;0;0;0,005;0,008
com.google.common.collect.AbstractMapEntry;1;0;0,144;0,083
com.google.common.collect.Sets$PowerSet;0;1;0,089;0,014
com.google.common.collect.ImmutableListMultimap$Builder;0;0;0,086;0,007
com.google.common.cache.CustomConcurrentHashMap;0;0;0,102;0,072
com.google.common.io.CharStreams$2;0;0;0,007;0,006
com.google.common.collect.ImmutableSortedMap$SerializedForm;0;0;0,074;0,007
com.google.common.io.CharStreams$3;0;0;0,007;0,006
com.google.common.collect.ForwardingSortedMap;0;0;0,0;0,005
com.google.common.collect.Serialization;1;0;0,178;0,021
com.google.common.io.CharStreams$1;0;0;0,007;0,006
com.google.common.collect.GeneralRange;0;0;0,016;0,009
com.google.common.collect.CustomConcurrentHashMap$EntrySet;0;0;0,058;0,009
com.google.common.collect.AbstractMultimap$KeySet$1;0;0;0,05;0,009
com.google.common.collect.StandardTable$ColumnMap$ColumnMapValues;0;0;0,017;0,007
com.google.common.collect.Synchronized$SynchronizedMultimap;0;1;0,083;0,01
com.google.common.collect.Iterables$10;0;1;0,079;0,016
com.google.common.collect.Iterables$11;0;0;0,077;0,008
com.google.common.util.concurrent.ExecutionError;0;0;0,049;0,01
com.google.common.collect.Iterables$12;0;0;0,077;0,008
com.google.common.collect.Iterables$13;0;0;0,077;0,008
com.google.common.collect.BstModificationResult$ModificationType;0;0;0,031;0,018
com.google.common.base.Enums;0;0;0,0;0,005
com.google.common.collect.Lists;1;0;0,231;0,106
com.google.common.util.concurrent.ForwardingService;0;0;0,0;0,005
com.google.common.collect.UnmodifiableListIterator;0;1;0,094;0,068
com.google.common.io.PatternFilenameFilter;0;0;0,0;0,005
com.google.common.collect.Lists$StringAsImmutableList$1;0;0;0,066;0,008
com.google.common.collect.ImmutableSortedMap$EntrySet;0;0;0,074;0,007
com.google.common.collect.Sets$CartesianSet$Axis;0;0;0,082;0,009
com.google.common.collect.Multimaps$MapMultimap$AsMapEntries$1;0;0;0,013;0,011
com.google.common.collect.ArrayTable$CellSet$1;0;0;0,014;0,008
com.google.common.collect.MinMaxPriorityQueue;0;0;0,011;0,01
com.google.common.collect.CustomConcurrentHashMap$StrongExpirableEntry;0;0;0,06;0,007
com.google.common.collect.RegularImmutableMap$NonTerminalEntry;0;0;0,082;0,007
com.google.common.collect.ComputingConcurrentHashMap$ComputingSegment;0;0;0,07;0,007
com.google.common.base.Preconditions;1;0;1,0;1,0
com.google.common.base.Predicates$CompositionPredicate;0;0;0,082;0,007
com.google.common.collect.MapConstraints$ConstrainedAsMapEntries$1;0;0;0,013;0,007
com.google.common.collect.Multimaps$UnmodifiableAsMapEntries;0;0;0,014;0,008
com.google.common.collect.CustomConcurrentHashMap$Segment;1;0;0,132;0,035
com.google.common.collect.SortedTreeMultiset;0;0;0,036;0,021
com.google.common.collect.AbstractSortedMultiset$2;0;0;0,012;0,006
com.google.common.collect.AbstractSortedMultiset$1;0;0;0,012;0,006
com.google.common.cache.CustomConcurrentHashMap$StrongExpirableEvictableEntry;0;0;0,022;0,007
com.google.common.cache.CustomConcurrentHashMap$SoftExpirableEvictableEntry;0;0;0,022;0,007
com.google.common.util.concurrent.SettableFuture;0;0;0,012;0,006
com.google.common.base.Predicates$AssignableFromPredicate;0;0;0,082;0,007
com.google.common.collect.TreeMultiset;0;0;0,092;0,008
com.google.common.util.concurrent.UncaughtExceptionHandlers$Exiter;0;0;0,004;0,01
com.google.common.collect.Tables;0;0;0,034;0,011
com.google.common.collect.HashMultimap;0;0;0,009;0,006
com.google.common.cache.RemovalListeners$1$1;0;0;0,004;0,008
com.google.common.util.concurrent.ListenableFutureTask;0;0;0,015;0,008
com.google.common.collect.Lists$OnePlusArrayList;0;0;0,069;0,01
com.google.common.cache.RemovalListeners$1;0;0;0,007;0,01
com.google.common.util.concurrent.AbstractCheckedFuture;0;0;0,014;0,007
com.google.common.collect.ImmutableMultimap$Values$1;0;0;0,075;0,008
com.google.common.util.concurrent.ExecutionList;0;0;0,03;0,029
com.google.common.collect.ArrayTable$Values;0;0;0,013;0,009
com.google.common.collect.ImmutableSet;1;0;0,228;0,101
com.google.common.primitives.Chars$LexicographicalComparator;0;0;0,002;0,011
com.google.common.collect.StandardTable$Column$KeySet;0;0;0,02;0,01
com.google.common.io.LittleEndianDataInputStream;0;0;0,0;0,005
com.google.common.util.concurrent.AbstractFuture$Sync;0;0;0,014;0,009
com.google.common.collect.Lists$ReverseList;0;1;0,073;0,024
com.google.common.base.Equivalence$EquivalentToPredicate;0;0;0,074;0,015
com.google.common.cache.CacheLoader;0;0;0,06;0,024
com.google.common.collect.AbstractIterator$State;0;1;0,079;0,018
com.google.common.collect.Multimaps$Values;0;0;0,054;0,02
com.google.common.collect.ImmutableMultimap$EntryCollection;0;1;0,084;0,008
com.google.common.collect.Lists$StringAsImmutableList;0;1;0,071;0,013
com.google.common.collect.Cut$AboveValue;0;0;0,019;0,008
com.google.common.collect.SortedTreeMultiset$ConditionalSetCountModifier;0;0;0,009;0,006
com.google.common.cache.CacheLoader$FunctionToCacheLoader;0;0;0,025;0,011
com.google.common.base.Splitter$Strategy;0;0;0,012;0,026
com.google.common.primitives.Longs$LexicographicalComparator;0;0;0,005;0,016
com.google.common.collect.Sets$CartesianSet$1;0;0;0,08;0,007
com.google.common.collect.Multimaps$Entries;0;0;0,056;0,012
com.google.common.collect.BstInOrderPath;0;0;0,026;0,01
com.google.common.base.Predicates$ObjectPredicate$1;0;0;0,075;0,008
com.google.common.collect.Multimaps$AsMap$EntrySet;0;0;0,003;0,008
com.google.common.collect.EmptyImmutableSet;0;0;0,068;0,012
com.google.common.collect.MapDifference$ValueDifference;1;0;0,102;0,03
com.google.common.collect.Interners$InternerFunction;0;0;0,004;0,006
com.google.common.collect.AbstractBiMap$Inverse;0;0;0,008;0,008
com.google.common.io.Files;0;0;0,0;0,005
com.google.common.util.concurrent.UncheckedExecutionException;0;0;0,054;0,011
com.google.common.collect.SortedTreeMultiset$RemoveModifier;0;0;0,009;0,006
com.google.common.collect.ForwardingCollection;1;0;0,159;0,056
com.google.common.collect.DiscreteDomains$IntegerDomain;0;0;0,004;0,007
com.google.common.base.Functions$1;0;0;0,012;0,008
com.google.common.cache.CustomConcurrentHashMap$HashIterator;0;0;0,024;0,013
com.google.common.collect.BstPath;0;0;0,03;0,012
com.google.common.collect.CustomConcurrentHashMap$EntryIterator;0;0;0,058;0,008
com.google.common.collect.Synchronized$SynchronizedAsMapEntries$1;0;0;0,071;0,008
com.google.common.collect.SortedMaps$FilteredSortedMap;0;0;0,005;0,006
com.google.common.collect.ArrayTable$RowEntrySet;0;0;0,018;0,011
com.google.common.io.NullOutputStream;0;0;0,0;0,005
com.google.common.collect.Multimaps$UnmodifiableSortedSetMultimap;0;0;0,012;0,006
com.google.common.collect.Multimaps$CustomSetMultimap;0;0;0,013;0,006
com.google.common.base.Predicates$ObjectPredicate$4;0;0;0,075;0,008
com.google.common.base.Predicates$ObjectPredicate$3;0;0;0,075;0,008
com.google.common.util.concurrent.AbstractListenableFuture;0;0;0,0;0,005
com.google.common.base.Predicates$ObjectPredicate$2;0;0;0,075;0,008
com.google.common.util.concurrent.ForwardingCheckedFuture;0;0;0,004;0,007
com.google.common.collect.NaturalOrdering;0;1;0,068;0,012
com.google.common.collect.WellBehavedMap$KeyToEntryConverter;0;0;0,01;0,012
com.google.common.cache.Cache;0;0;0,043;0,016
com.google.common.collect.LinkedListMultimap$Node;0;0;0,027;0,025
com.google.common.collect.CustomConcurrentHashMap$Values;0;0;0,058;0,009
com.google.common.collect.CustomConcurrentHashMap$SerializationProxy;0;0;0,058;0,009
com.google.common.collect.ListMultimap;1;0;0,136;0,021
com.google.common.base.FunctionalEquivalence;0;0;0,074;0,015
com.google.common.collect.SortedLists$KeyAbsentBehavior;1;0;0,108;0,022
com.google.common.collect.Multimaps$MapMultimap$1;0;0;0,014;0,01
com.google.common.collect.ImmutableSortedMap$Builder;0;1;0,08;0,01
com.google.common.collect.AbstractBiMap$EntrySet$1$1;0;0;0,008;0,007
com.google.common.base.Predicates$ObjectPredicate;0;1;0,093;0,021
com.google.common.collect.Multimaps$TransformedEntriesListMultimap;0;0;0,016;0,008
com.google.common.collect.Maps$KeySet;0;0;0,101;0,031
com.google.common.collect.CustomConcurrentHashMap$StrongExpirableEvictableEntry;0;0;0,06;0,007
com.google.common.collect.AbstractIterator$1;0;0;0,077;0,01
com.google.common.primitives.Longs;0;0;0,018;0,037
com.google.common.collect.ForwardingListIterator;0;0;0,018;0,008
com.google.common.io.CountingInputStream;0;0;0,0;0,005
com.google.common.collect.MapConstraints$NotNullMapConstraint;0;0;0,015;0,006
com.google.common.collect.ImmutableBiMap$SerializedForm;0;0;0,076;0,007
com.google.common.collect.SortedMultisets$DescendingMultiset;0;0;0,02;0,009
com.google.common.collect.ImmutableMultiset$EntrySet$EntrySetSerializedForm;0;0;0,094;0,006
com.google.common.collect.ImmutableCollection$SerializedForm;0;0;0,063;0,015
com.google.common.collect.Multimaps$UnmodifiableSetMultimap;0;0;0,015;0,007
com.google.common.util.concurrent.ListeningExecutorService;0;0;0,038;0,019
com.google.common.util.concurrent.AbstractService$1;0;0;0,012;0,008
com.google.common.collect.SortedLists$KeyPresentBehavior;1;0;0,113;0,03
com.google.common.cache.CustomConcurrentHashMap$NullEntry;0;0;0,026;0,012
com.google.common.cache.CustomConcurrentHashMap$EntryIterator;0;0;0,017;0,008
com.google.common.collect.Maps$FilteredEntryMap;0;1;0,098;0,015
com.google.common.primitives.UnsignedBytes$LexicographicalComparatorHolder$PureJavaComparator;0;0;0,002;0,014
com.google.common.collect.StandardTable$Row$RowEntrySet$1;0;0;0,018;0,01
com.google.common.collect.Synchronized$SynchronizedMultiset;0;0;0,076;0,007
com.google.common.io.FileBackedOutputStream$2;0;0;0,003;0,009
com.google.common.io.FileBackedOutputStream$1;0;0;0,005;0,016
com.google.common.collect.BstCountBasedBalancePolicies;0;0;0,01;0,006
com.google.common.util.concurrent.Futures$ListFuture$2;0;0;0,011;0,006
com.google.common.base.Splitter$3$1;0;0;0,005;0,009
com.google.common.util.concurrent.Futures$ListFuture$1;0;0;0,011;0,006
com.google.common.collect.CustomConcurrentHashMap$SoftValueReference;0;0;0,071;0,006
com.google.common.collect.Synchronized$SynchronizedCollection;0;1;0,088;0,019
com.google.common.base.Stopwatch$1;0;0;0,004;0,007
com.google.common.collect.Multimaps$UnmodifiableAsMapValues$1;0;0;0,01;0,01
com.google.common.collect.TreeMultiset$SortedMapBasedElementSet;0;0;0,082;0,006
com.google.common.collect.Lists$TransformingSequentialList;0;1;0,071;0,014
com.google.common.collect.Sets$InvertibleFunction;0;1;0,098;0,035
com.google.common.collect.Serialization$FieldSetter;1;0;0,129;0,015
com.google.common.collect.Maps$UnmodifiableEntrySet;0;0;0,083;0,008
com.google.common.collect.ForwardingIterator;1;0;0,126;0,027
com.google.common.base.CaseFormat$1;0;0;0,002;0,009
com.google.common.collect.BstMutationRule;0;0;0,018;0,006
com.google.common.collect.ImmutableSortedMap$Values;0;0;0,074;0,007
com.google.common.collect.Maps$ImprovedAbstractMap$2;0;0;0,022;0,02
com.google.common.collect.Maps$ImprovedAbstractMap$1;0;0;0,022;0,02
com.google.common.cache.CustomConcurrentHashMap$ComputedUncheckedException;0;0;0,024;0,006
com.google.common.collect.ConcurrentHashMultiset;0;0;0,018;0,014
com.google.common.cache.ComputingCache;0;0;0,022;0,006
com.google.common.collect.ForwardingQueue;0;0;0,004;0,01
com.google.common.primitives.Floats$FloatArrayAsList;0;0;0,002;0,011
com.google.common.io.Files$2;0;0;0,004;0,006
com.google.common.base.Splitter$AbstractIterator$State;0;0;0,01;0,015
com.google.common.util.concurrent.MoreExecutors$ScheduledListeningDecorator;0;0;0,018;0,006
com.google.common.collect.ArrayTable$RowMapEntrySet;0;0;0,015;0,007
com.google.common.io.Files$1;0;0;0,004;0,006
com.google.common.eventbus.EventHandler;0;0;0,026;0,032
com.google.common.collect.ForwardingMultiset;1;0;0,123;0,011
com.google.common.collect.EmptyContiguousSet$SerializedForm;0;0;0,018;0,006
com.google.common.collect.Lists$RandomAccessListWrapper;0;0;0,068;0,014
com.google.common.util.concurrent.ForwardingCheckedFuture$SimpleForwardingCheckedFuture;0;0;0,0;0,005
com.google.common.collect.ComputingConcurrentHashMap$ComputingSerializationProxy;0;0;0,067;0,006
com.google.common.collect.ImmutableMultiset$EntrySet;0;0;0,097;0,007
com.google.common.collect.Multimaps$MapMultimap$1$1;0;0;0,011;0,01
com.google.common.collect.SortedMaps$3;0;0;0,005;0,006
com.google.common.collect.TreeMultimap;0;0;0,0;0,005
com.google.common.io.CharStreams;0;0;0,009;0,007
com.google.common.collect.SortedMaps$2;0;0;0,005;0,006
com.google.common.collect.SortedMaps$1;0;0;0,005;0,006
com.google.common.eventbus.AllowConcurrentEvents;0;0;0,0;0,005
com.google.common.collect.AbstractMapBasedMultiset$MapBasedElementSet;1;0;0,103;0,01
com.google.common.collect.RegularImmutableSortedMultiset$2;0;0;0,011;0,006
com.google.common.collect.RegularImmutableSortedMultiset$1;0;0;0,009;0,006
com.google.common.base.Splitter;0;0;0,028;0,071
com.google.common.collect.LinkedListMultimap$5$1;0;0;0,01;0,007
com.google.common.util.concurrent.Futures$3;0;0;0,012;0,006
com.google.common.collect.Multimaps$TransformedEntriesMultimap$3;0;0;0,016;0,007
com.google.common.collect.SortedMaps;0;0;0,004;0,007
com.google.common.collect.ForwardingSortedSetMultimap;0;0;0,0;0,005
com.google.common.collect.ArrayTable$Column;0;0;0,016;0,009
com.google.common.util.concurrent.Futures$2;0;0;0,012;0,006
com.google.common.collect.Multimaps$TransformedEntriesMultimap$2;0;0;0,016;0,007
com.google.common.collect.SortedMaps$TransformedEntriesSortedMap;0;0;0,003;0,006
com.google.common.util.concurrent.Futures$5;0;0;0,012;0,006
com.google.common.collect.Multimaps$TransformedEntriesMultimap$1;0;0;0,016;0,007
com.google.common.util.concurrent.MoreExecutors$1;0;0;0,022;0,009
com.google.common.util.concurrent.Futures$4;0;0;0,011;0,006
com.google.common.util.concurrent.Futures$7;0;0;0,012;0,006
com.google.common.util.concurrent.Futures$6;0;0;0,012;0,006
com.google.common.collect.ComparatorOrdering;0;0;0,065;0,009
com.google.common.collect.AbstractIndexedListIterator;1;0;0,134;0,054
com.google.common.util.concurrent.Futures$8;0;0;0,012;0,006
com.google.common.collect.Maps$1;0;1;0,092;0,014
com.google.common.collect.ArrayTable$CellSet$1$1;0;0;0,011;0,007
com.google.common.collect.Maps$4;0;0;0,083;0,008
com.google.common.collect.Maps$2;0;0;0,083;0,008
com.google.common.util.concurrent.Futures$1;0;0;0,017;0,006
com.google.common.collect.Maps$3;0;0;0,083;0,008
com.google.common.collect.ImmutableSortedMultiset$Builder;0;0;0,015;0,009
com.google.common.eventbus.AsyncEventBus;0;0;0,003;0,009
com.google.common.collect.CustomConcurrentHashMap$StrongValueReference;0;0;0,071;0,006
com.google.common.collect.ArrayTable$ColumnEntrySet;0;0;0,017;0,011
com.google.common.collect.Ordering$ArbitraryOrdering;0;0;0,067;0,013
com.google.common.collect.BstCountBasedBalancePolicies$2;0;0;0,012;0,006
com.google.common.collect.BstCountBasedBalancePolicies$3;0;0;0,012;0,006
com.google.common.primitives.Doubles$DoubleArrayAsList;0;0;0,002;0,011
com.google.common.collect.BstCountBasedBalancePolicies$1;0;0;0,012;0,006
com.google.common.collect.SortedLists$KeyAbsentBehavior$2;0;0;0,08;0,01
com.google.common.eventbus.EventBus$1;0;0;0,006;0,006
com.google.common.collect.SortedLists$KeyAbsentBehavior$1;0;0;0,08;0,01
com.google.common.eventbus.EventBus$2;0;0;0,006;0,006
com.google.common.eventbus.EventBus$3;0;0;0,006;0,006
com.google.common.collect.SortedLists$KeyAbsentBehavior$3;0;0;0,08;0,01
com.google.common.collect.StandardRowSortedTable$1;0;0;0,013;0,008
com.google.common.eventbus.EventBus$4;0;0;0,006;0,006
com.google.common.collect.EmptyImmutableMap;0;0;0,084;0,01
com.google.common.util.concurrent.Futures$ListFuture;0;0;0,02;0,011
com.google.common.collect.Multimap;1;0;0,271;0,156
com.google.common.collect.AbstractMapBasedMultiset$MapBasedMultisetIterator;0;0;0,096;0,007
com.google.common.collect.Multimaps$3;0;0;0,013;0,006
com.google.common.collect.ForwardingConcurrentMap;0;0;0,086;0,013
com.google.common.collect.MapConstraints$ConstrainedListMultimap;0;0;0,014;0,006
com.google.common.base.Splitter$1$1;0;0;0,005;0,01
com.google.common.base.Suppliers$ExpiringMemoizingSupplier;0;0;0,024;0,006
com.google.common.base.PairwiseEquivalence;0;0;0,089;0,018
com.google.common.base.Suppliers;0;0;0,023;0,006
com.google.common.base.Suppliers$SupplierComposition;0;0;0,024;0,006
com.google.common.collect.Multisets$SetMultiset$1$1;0;0;0,091;0,006
com.google.common.collect.Interners$CustomInterner;0;0;0,004;0,006
com.google.common.collect.Tables$TransformedTable;0;0;0,032;0,012
com.google.common.cache.CustomConcurrentHashMap$WeakExpirableEvictableEntry;0;0;0,022;0,007
com.google.common.collect.LinkedListMultimap$AsMapEntries$1;0;0;0,011;0,01
com.google.common.collect.CustomConcurrentHashMap$HashIterator;0;0;0,064;0,013
com.google.common.collect.Constraint;0;0;0,052;0,029
com.google.common.collect.Tables$TransposeTable;0;0;0,022;0,007
com.google.common.base.CharMatcher$Or;0;0;0,033;0,014
com.google.common.collect.AbstractMultimap$AsMap$AsMapEntries;0;0;0,051;0,008
com.google.common.collect.Multimaps$2;0;0;0,013;0,006
com.google.common.collect.Multimaps$1;0;0;0,012;0,006
com.google.common.collect.BstMutationResult$1;0;0;0,017;0,006
com.google.common.primitives.Longs$LongArrayAsList;0;0;0,005;0,016
com.google.common.collect.LinkedListMultimap$NodeIterator;0;0;0,018;0,014
com.google.common.collect.Table;0;0;0,061;0,023
com.google.common.collect.CustomConcurrentHashMap$EvictionQueue;0;1;0,07;0,012
com.google.common.collect.Sets$CartesianSet;0;1;0,09;0,013
com.google.common.io.FileBackedOutputStream$MemoryOutput;0;0;0,003;0,009
com.google.common.collect.ArrayTable$RowEntrySet$1$1;0;0;0,01;0,008
com.google.common.base.Suppliers$SupplierOfInstance;0;0;0,024;0,006
com.google.common.cache.AbstractCache$StatsCounter;0;0;0,045;0,017
com.google.common.primitives.Booleans$LexicographicalComparator;0;0;0,012;0,013
com.google.common.collect.MapConstraints$2$1;0;0;0,014;0,007
com.google.common.collect.MapConstraints;0;0;0,028;0,013
com.google.common.util.concurrent.SimpleTimeLimiter$1;0;0;0,004;0,012
com.google.common.collect.Multisets$SetMultiset$ElementSet;0;0;0,097;0,007
com.google.common.collect.Synchronized$SynchronizedRandomAccessList;0;0;0,076;0,007
com.google.common.base.FinalizableWeakReference;0;0;0,0;0,005
com.google.common.base.internal.Finalizer;0;0;0,0;0,005
com.google.common.collect.AbstractMapBasedMultiset$1;0;1;0,099;0,009
com.google.common.collect.TreeBasedTable$MergingIterator$1;0;0;0,006;0,007
com.google.common.collect.Multimaps$CustomSortedSetMultimap;0;0;0,013;0,006
com.google.common.collect.CustomConcurrentHashMap$Strength;0;1;0,101;0,023
com.google.common.collect.Platform;0;1;0,088;0,053
com.google.common.collect.RegularImmutableBiMap;0;0;0,077;0,008
com.google.common.collect.AbstractMultimap$AsMap$AsMapIterator;0;0;0,053;0,01
com.google.common.collect.ImmutableBiMap$Builder;0;0;0,078;0,008
com.google.common.collect.StandardTable$Column$KeySet$1;0;0;0,016;0,007
com.google.common.collect.StandardTable$Row$RowEntrySet$1$1;0;0;0,015;0,008
com.google.common.collect.ArrayTable$Row;0;0;0,017;0,009
com.google.common.collect.ForwardingMapEntry;1;0;0,114;0,016
com.google.common.collect.TreeBasedTable$Factory;0;0;0,006;0,006
com.google.common.collect.MinMaxPriorityQueue$1;0;0;0,011;0,009
com.google.common.collect.Maps$TransformedEntriesMap;0;1;0,096;0,016
com.google.common.collect.NullsFirstOrdering;0;0;0,065;0,009
com.google.common.collect.StandardTable$Row$1;0;0;0,017;0,008
com.google.common.collect.LinkedListMultimap$MultisetView$2$1;0;0;0,012;0,008
com.google.common.net.InternetDomainName;0;0;0,004;0,007
com.google.common.primitives.Chars;0;0;0,004;0,019
com.google.common.cache.CustomConcurrentHashMap$Segment;0;0;0,079;0,029
com.google.common.collect.Sets$PowerSet$BitFilteredSetIterator;0;0;0,073;0,007
com.google.common.cache.CustomConcurrentHashMap$Values;0;0;0,015;0,008
com.google.common.collect.StandardRowSortedTable;0;0;0,013;0,008
com.google.common.primitives.Ints$IntArrayAsList;0;0;0,088;0,022
com.google.common.collect.Multisets$ImmutableEntry;1;0;0,108;0,008
com.google.common.collect.TransformedImmutableList$TransformedView;0;0;0,073;0,007
com.google.common.collect.Count;1;0;0,112;0,016
com.google.common.collect.Multimaps$MapMultimap$AsMap;0;0;0,012;0,007
com.google.common.collect.StandardTable$ColumnMap$ColumnMapEntrySet;0;0;0,02;0,009
com.google.common.collect.CustomConcurrentHashMap$EntryFactory;0;1;0,1;0,025
com.google.common.util.concurrent.Callables;0;0;0,0;0,005
com.google.common.base.Functions$ConstantFunction;0;0;0,004;0,006
com.google.common.cache.CustomConcurrentHashMap$Strength$1;0;0;0,026;0,007
com.google.common.base.Throwables;0;0;0,089;0,017
com.google.common.io.ByteStreams$ByteArrayDataInputStream;0;0;0,011;0,006
com.google.common.net.HostAndPort;0;0;0,004;0,007
com.google.common.collect.TreeBasedTable;0;0;0,008;0,009
com.google.common.cache.CustomConcurrentHashMap$Strength$2;0;0;0,026;0,007
com.google.common.cache.CustomConcurrentHashMap$Strength$3;0;0;0,026;0,007
com.google.common.base.CharMatcher$5;0;0;0,033;0,014
com.google.common.collect.BstInOrderPath$2;0;0;0,017;0,007
com.google.common.base.CharMatcher$4;0;0;0,033;0,014
com.google.common.collect.MapConstraints$ConstrainedBiMap;0;0;0,014;0,006
com.google.common.collect.ImmutableSortedMap$EntrySetSerializedForm;0;0;0,074;0,007
com.google.common.collect.Synchronized$SynchronizedBiMap;0;0;0,076;0,007
com.google.common.base.CharMatcher$3;0;0;0,033;0,014
com.google.common.cache.ForwardingCache;0;0;0,021;0,008
com.google.common.base.CharMatcher$2;0;0;0,033;0,014
com.google.common.base.CharMatcher$9;0;0;0,033;0,014
com.google.common.base.Equivalence$Wrapper;0;0;0,074;0,015
com.google.common.base.CharMatcher$8;0;0;0,033;0,014
com.google.common.collect.StandardTable$Column$EntrySetIterator;0;0;0,02;0,008
com.google.common.base.CharMatcher$7;0;0;0,033;0,014
com.google.common.base.CharMatcher$6;0;0;0,033;0,014
com.google.common.util.concurrent.Monitor;0;0;0,003;0,009
com.google.common.base.FinalizableReferenceQueue$DecoupledLoader;0;0;0,005;0,009
com.google.common.base.CharMatcher$1;0;0;0,035;0,06
com.google.common.collect.BstInOrderPath$1;0;0;0,015;0,007
com.google.common.collect.EmptyImmutableList;0;0;0,06;0,015
com.google.common.collect.ArrayTable$ColumnMapEntrySet;0;0;0,015;0,007
com.google.common.collect.EmptyImmutableSetMultimap;0;0;0,079;0,006
com.google.common.base.Predicates$IsEqualToPredicate;0;0;0,082;0,007
com.google.common.collect.ImmutableCollection;1;0;0,184;0,099
com.google.common.collect.Multimaps$MapMultimap$AsMapEntries;0;0;0,017;0,012
com.google.common.collect.ImmutableCollection$Builder;1;0;0,114;0,015
com.google.common.util.concurrent.ForwardingListeningExecutorService;0;0;0,0;0,005
com.google.common.cache.CustomConcurrentHashMap$SoftEvictableEntry;0;0;0,022;0,007
com.google.common.annotations.GwtIncompatible;0;0;0,0;0,005
com.google.common.collect.Multimaps$UnmodifiableAsMapValues;0;0;0,015;0,011
com.google.common.collect.Interners$1;0;0;0,004;0,006
com.google.common.collect.Maps$FilteredKeyMap;0;0;0,083;0,008
com.google.common.collect.ForwardingSet;1;0;0,171;0,035
com.google.common.base.CharMatcher$LookupTable;0;0;0,044;0,053
com.google.common.collect.MapConstraints$ConstrainedSortedSetMultimap;0;0;0,014;0,006
com.google.common.base.Functions$ToStringFunction;0;0;0,004;0,006
com.google.common.base.Functions$FunctionComposition;0;0;0,004;0,006
com.google.common.cache.CustomConcurrentHashMap$WeakExpirableEntry;0;0;0,022;0,007
com.google.common.base.Ticker$1;0;0;0,077;0,039
com.google.common.util.concurrent.ListenableFuture;0;0;0,093;0,081
com.google.common.collect.ArrayTable$ColumnEntrySet$1;0;0;0,013;0,01
com.google.common.collect.Multiset;1;0;0,301;0,234
com.google.common.collect.ImmutableEnumSet$EnumSerializedForm;0;0;0,077;0,009
com.google.common.util.concurrent.JdkFutureAdapters;0;0;0,012;0,006
com.google.common.cache.CustomConcurrentHashMap$SoftEntry;0;0;0,035;0,012
com.google.common.collect.ImmutableList;1;0;0,259;0,133
com.google.common.collect.Table$Cell;0;0;0,073;0,053
com.google.common.io.Flushables;0;0;0,0;0,005
com.google.common.collect.Iterables$10$1;0;0;0,072;0,01
com.google.common.collect.AbstractMultimap$KeySet;0;1;0,057;0,018
com.google.common.collect.SortedMultisets$ElementSet;0;0;0,019;0,008
com.google.common.collect.WellBehavedMap$KeyToEntryConverter$1;0;0;0,006;0,01
com.google.common.collect.MapConstraints$ConstrainedEntries;0;0;0,019;0,009
com.google.common.collect.Synchronized$1;0;1;0,092;0,028
com.google.common.collect.MapMaker$RemovalListener;0;1;0,097;0,036
com.google.common.util.concurrent.Callables$1;0;0;0,004;0,01
com.google.common.io.LineProcessor;0;0;0,012;0,007
com.google.common.collect.ForwardingMultimap;0;0;0,038;0,011
com.google.common.collect.MapMaker$1;0;1;0,075;0,054
com.google.common.collect.Multisets$ElementSet$1;0;0;0,095;0,008
com.google.common.collect.TransformedImmutableList;0;0;0,093;0,015
com.google.common.util.concurrent.ForwardingFuture$SimpleForwardingFuture;0;0;0,0;0,005
com.google.common.io.ByteStreams$1;0;0;0,011;0,006
com.google.common.cache.CustomConcurrentHashMap$SerializationProxy;0;0;0,015;0,008
com.google.common.io.ByteStreams$4;0;0;0,009;0,006
com.google.common.collect.Maps$UnmodifiableEntries;0;0;0,093;0,012
com.google.common.io.ByteStreams$5;0;0;0,011;0,006
com.google.common.io.ByteStreams$2;0;0;0,011;0,006
com.google.common.io.ByteStreams$3;0;0;0,011;0,006
com.google.common.collect.StandardTable$RowMap;0;0;0,026;0,012
com.google.common.collect.Collections2$FilteredCollection$2;0;0;0,074;0,008
com.google.common.collect.RegularImmutableSortedMultiset;0;0;0,013;0,007
com.google.common.collect.Collections2$FilteredCollection$1;0;0;0,074;0,008
com.google.common.collect.LinkedListMultimap$DistinctKeyIterator;0;0;0,019;0,01
com.google.common.cache.CustomConcurrentHashMap$ComputingValueReference;0;0;0,024;0,007
com.google.common.collect.ForwardingMap$StandardValues;0;0;0,08;0,011
com.google.common.collect.ImmutableMap$SerializedForm;0;1;0,095;0,013
com.google.common.collect.AbstractMultimap$WrappedCollection$WrappedIterator;0;0;0,05;0,017
com.google.common.base.Optional;0;0;0,028;0,011
com.google.common.io.Closeables;0;0;0,02;0,008
com.google.common.collect.LinkedHashMultimap;0;0;0,009;0,016
com.google.common.cache.CustomConcurrentHashMap$WeakEvictableEntry;0;0;0,022;0,007
com.google.common.collect.TreeBasedTable$TreeRow;0;0;0,004;0,006
com.google.common.collect.Synchronized$SynchronizedList;0;1;0,079;0,012
com.google.common.base.FinalizableReferenceQueue$FinalizerLoader;0;0;0,012;0,024
com.google.common.collect.MapEvictionListener;0;1;0,077;0,033
com.google.common.collect.Range;0;0;0,041;0,015
com.google.common.cache.AbstractCache;0;0;0,026;0,006
com.google.common.util.concurrent.AbstractService$Transition;0;0;0,008;0,007
com.google.common.util.concurrent.ForwardingListenableFuture;0;0;0,018;0,009
com.google.common.collect.StandardTable$TableSet;0;0;0,031;0,013
com.google.common.cache.CustomConcurrentHashMap$2;0;0;0,015;0,008
com.google.common.cache.CustomConcurrentHashMap$1;0;0;0,072;0,026
com.google.common.primitives.UnsignedBytes$LexicographicalComparatorHolder$UnsafeComparator;0;0;0,0;0,005
com.google.common.collect.ComputingConcurrentHashMap$ComputingMapAdapter;0;0;0,067;0,009
com.google.common.collect.ArrayTable$ColumnMapEntrySet$1;0;0;0,012;0,007
com.google.common.collect.LexicographicalOrdering;0;0;0,065;0,009
com.google.common.collect.ArrayTable$ColumnEntrySet$1$1;0;0;0,01;0,008
com.google.common.collect.StandardTable$Row;0;0;0,029;0,017
com.google.common.collect.Multisets$1;1;0;0,11;0,009
com.google.common.cache.CacheStats;0;0;0,051;0,038
com.google.common.io.FileBackedOutputStream;0;0;0,005;0,016
com.google.common.collect.Iterables;1;0;0,169;0,068
com.google.common.collect.LinkedListMultimap$1;0;0;0,023;0,017
com.google.common.collect.DiscreteDomains;0;0;0,0;0,005
com.google.common.collect.LinkedListMultimap$2;0;0;0,009;0,007
com.google.common.collect.ContiguousSet;0;0;0,026;0,009
com.google.common.collect.EvictionListeners;0;0;0,0;0,005
com.google.common.collect.GenericMapMaker$NullListener;0;1;0,069;0,011
com.google.common.collect.StandardRowSortedTable$RowKeySortedSet;0;0;0,008;0,007
com.google.common.io.CountingOutputStream;0;0;0,0;0,005
com.google.common.collect.LinkedListMultimap$3;0;0;0,012;0,009
com.google.common.collect.LinkedListMultimap$4;0;0;0,01;0,007
com.google.common.collect.LinkedListMultimap$5;0;0;0,012;0,009
com.google.common.collect.LinkedListMultimap$6;0;0;0,009;0,007
com.google.common.cache.CacheLoader$SupplierToCacheLoader;0;0;0,025;0,011
com.google.common.collect.Constraints$ConstrainedCollection;0;0;0,017;0,007
com.google.common.util.concurrent.ThreadFactoryBuilder$1;0;0;0,019;0,009
com.google.common.collect.CustomConcurrentHashMap$2;0;0;0,058;0,009
com.google.common.collect.CustomConcurrentHashMap$1;1;0;0,113;0,029
com.google.common.collect.SortedTreeMultiset$MultisetModifier;0;0;0,021;0,011
com.google.common.collect.CustomConcurrentHashMap;1;0;0,169;0,078
com.google.common.base.Functions$IdentityFunction;0;0;0,004;0,006
com.google.common.collect.EmptyImmutableList$1;0;0;0,058;0,008
com.google.common.util.concurrent.ListeningScheduledExecutorService;0;0;0,022;0,008
com.google.common.util.concurrent.ForwardingListenableFuture$SimpleForwardingListenableFuture;0;0;0,013;0,007
com.google.common.collect.ImmutableSortedMap;1;0;0,116;0,03
com.google.common.util.concurrent.ForwardingBlockingQueue;0;0;0,0;0,005
com.google.common.cache.CustomConcurrentHashMap$SoftExpirableEntry;0;0;0,022;0,007
com.google.common.collect.ObjectArrays;1;0;0,145;0,048
com.google.common.collect.EvictionListeners$1$1;0;0;0,003;0,011
com.google.common.collect.ForwardingSetMultimap;0;0;0,004;0,007
com.google.common.collect.LinkedListMultimap$MultisetView;0;0;0,018;0,012
com.google.common.collect.GenericMapMaker;0;1;0,086;0,013
com.google.common.collect.CustomConcurrentHashMap$EntryFactory$12;0;0;0,06;0,007
com.google.common.collect.Constraints$ConstrainedSet;0;0;0,017;0,007
com.google.common.collect.CustomConcurrentHashMap$EntryFactory$11;0;0;0,06;0,007
com.google.common.collect.ArrayTable$Values$1;0;0;0,011;0,008
com.google.common.util.concurrent.Monitor$Guard;0;0;0,003;0,008
com.google.common.collect.CustomConcurrentHashMap$EntryFactory$10;0;0;0,06;0,007
com.google.common.io.OutputSupplier;0;0;0,026;0,017
com.google.common.collect.SortedIterable;1;0;0,109;0,015
com.google.common.collect.StandardTable$CellSet;0;0;0,016;0,008
com.google.common.collect.Constraints$ConstrainedSortedSet;0;0;0,017;0,007
com.google.common.collect.UnmodifiableIterator;1;0;0,338;0,301
com.google.common.collect.ImmutableSortedMultiset;0;0;0,023;0,011
com.google.common.base.Functions$SupplierFunction;0;0;0,004;0,006
com.google.common.net.InetAddresses;0;0;0,008;0,01
com.google.common.util.concurrent.JdkFutureAdapters$ListenableFutureAdapter$1;0;0;0,011;0,007
com.google.common.io.InputSupplier;0;0;0,062;0,064
com.google.common.collect.StandardTable$Column$Values;0;0;0,023;0,013
com.google.common.eventbus.HandlerFindingStrategy;0;0;0,01;0,007
com.google.common.collect.AbstractMultimap$WrappedList;0;1;0,056;0,014
com.google.common.collect.MapMaker$RemovalCause;0;1;0,088;0,074
com.google.common.io.AppendableWriter;0;0;0,007;0,006
com.google.common.util.concurrent.Service$State;0;0;0,024;0,026
com.google.common.collect.HashMultiset;0;0;0,0;0,005
com.google.common.collect.AbstractBiMap$ValueSet;0;0;0,01;0,011
com.google.common.collect.SingletonImmutableList;0;1;0,066;0,02
com.google.common.base.Predicates$AndPredicate;0;0;0,081;0,007
com.google.common.collect.LinkedListMultimap$MultisetView$2$1$1;0;0;0,01;0,008
com.google.common.base.Function;1;0;0,434;0,274
com.google.common.primitives.Floats;0;0;0,004;0,019
com.google.common.collect.CustomConcurrentHashMap$WeakValueReference;0;0;0,071;0,006
com.google.common.collect.ImmutableMap;1;0;0,203;0,058
com.google.common.collect.ImmutableAsList$SerializedForm;0;0;0,071;0,011
com.google.common.collect.MinMaxPriorityQueue$QueueIterator;0;0;0,005;0,007
com.google.common.primitives.Bytes;0;0;0,002;0,009
com.google.common.util.concurrent.ForwardingFuture;0;0;0,025;0,013
com.google.common.collect.MinMaxPriorityQueue$Builder;0;0;0,005;0,007
com.google.common.util.concurrent.TimeLimiter;0;0;0,008;0,012
com.google.common.collect.ImmutableSortedMapFauxverideShim;0;0;0,074;0,007
com.google.common.collect.ForwardingMap;1;0;0,158;0,05
com.google.common.collect.ForwardingListMultimap;0;0;0,0;0,005
com.google.common.collect.ExplicitOrdering;0;0;0,065;0,009
com.google.common.io.LittleEndianDataOutputStream;0;0;0,0;0,005
com.google.common.collect.CustomConcurrentHashMap$AbstractSerializationProxy;0;0;0,064;0,008
com.google.common.cache.CacheBuilder;0;0;0,041;0,014
com.google.common.util.concurrent.MoreExecutors$SameThreadExecutorService;0;0;0,018;0,006
com.google.common.collect.CustomConcurrentHashMap$WeakExpirableEvictableEntry;0;0;0,06;0,007
com.google.common.collect.EmptyImmutableSortedMultiset;0;0;0,01;0,006
com.google.common.base.Stopwatch;0;0;0,0;0,005
com.google.common.collect.StandardTable$Column;0;0;0,03;0,016
com.google.common.collect.RegularContiguousSet$SerializedForm;0;0;0,017;0,006
com.google.common.collect.ForwardingMap$1;0;0;0,08;0,011
com.google.common.collect.CustomConcurrentHashMap$StrongEntry;0;0;0,074;0,012
com.google.common.collect.ImmutableMultiset$Builder;1;0;0,111;0,009
com.google.common.collect.Synchronized$SynchronizedListMultimap;0;0;0,076;0,007
com.google.common.collect.Multisets$EntrySet;1;0;0,117;0,01
com.google.common.collect.MapConstraints$2;0;0;0,018;0,008
com.google.common.collect.MinMaxPriorityQueue$MoveDesc;0;0;0,011;0,009
com.google.common.collect.MapConstraints$1;0;0;0,015;0,006
com.google.common.util.concurrent.AbstractIdleService;0;0;0,011;0,015
com.google.common.collect.BstOperations$1;0;0;0,016;0,006
com.google.common.cache.CustomConcurrentHashMap$EvictionQueue;0;0;0,03;0,011
com.google.common.cache.RemovalNotification;0;0;0,043;0,038
com.google.common.base.Equivalence;1;0;0,191;0,079
com.google.common.collect.Tables$AbstractCell;0;0;0,033;0,012
com.google.common.base.CaseFormat;0;0;0,003;0,013
com.google.common.collect.Interners;0;0;0,0;0,005
com.google.common.primitives.Floats$LexicographicalComparator;0;0;0,002;0,011
com.google.common.collect.Constraints$ConstrainedMultiset;0;0;0,017;0,007
com.google.common.collect.Maps;1;0;0,271;0,083
com.google.common.primitives.Ints;1;0;0,169;0,058
com.google.common.collect.SetMultimap;1;0;0,147;0,045
com.google.common.collect.ImmutableSet$SerializedForm;0;0;0,068;0,012
com.google.common.primitives.Primitives;0;0;0,01;0,008
com.google.common.annotations.Beta;0;0;0,0;0,005
com.google.common.base.Splitter$SplittingIterator;0;0;0,019;0,029
com.google.common.collect.Synchronized$SynchronizedObject;0;0;0,082;0,02
com.google.common.collect.CustomConcurrentHashMap$ExpirationQueue$2;0;0;0,062;0,008
com.google.common.collect.Synchronized$SynchronizedAsMapValues;0;0;0,076;0,009
com.google.common.collect.CustomConcurrentHashMap$ExpirationQueue$1;0;0;0,062;0,008
com.google.common.collect.Cut$AboveAll;0;0;0,017;0,007
com.google.common.collect.LinkedListMultimap$MultisetView$2;0;0;0,015;0,01
com.google.common.util.concurrent.AbstractFuture;0;0;0,031;0,018
com.google.common.collect.LinkedListMultimap$MultisetView$1;0;0;0,011;0,006
com.google.common.base.Predicates$InPredicate;0;0;0,082;0,007
com.google.common.collect.RegularContiguousSet;0;0;0,025;0,01
com.google.common.collect.AbstractMultimap$WrappedSet;0;0;0,052;0,01
com.google.common.collect.Ranges$1;0;0;0,02;0,006
com.google.common.collect.Maps$MapDifferenceImpl;0;1;0,088;0,009
com.google.common.annotations.GwtCompatible;0;0;0,0;0,005
com.google.common.collect.Multisets$1$1;0;0;0,099;0,007
com.google.common.collect.CustomConcurrentHashMap$KeySet;0;0;0,058;0,009
com.google.common.collect.RegularContiguousSet$1;0;0;0,019;0,007
com.google.common.collect.LinkedHashMultiset;1;0;0,112;0,011
com.google.common.base.Splitter$MapSplitter;0;0;0,004;0,012
com.google.common.collect.Sets$2;0;0;0,084;0,009
com.google.common.collect.Sets$3;0;0;0,084;0,009
com.google.common.collect.ComputingConcurrentHashMap$ComputationExceptionReference;0;0;0,068;0,006
com.google.common.collect.Sets$1;0;1;0,094;0,019
com.google.common.collect.Maps$Values;0;0;0,1;0,026
com.google.common.collect.LinkedListMultimap$ValueForKeyIterator;0;0;0,013;0,012
com.google.common.collect.Synchronized$SynchronizedAsMapEntries$1$1;0;0;0,067;0,008
com.google.common.collect.Maps$AbstractFilteredMap$Values;0;0;0,085;0,011
com.google.common.primitives.UnsignedBytes$LexicographicalComparatorHolder;0;0;0,002;0,014
com.google.common.primitives.Booleans$BooleanArrayAsList;0;0;0,012;0,013
com.google.common.collect.TreeBasedTable$MergingIterator;0;0;0,009;0,009
com.google.common.collect.ForwardingMap$StandardKeySet;0;0;0,08;0,011
com.google.common.collect.Constraints;0;0;0,038;0,015
com.google.common.collect.ImmutableSortedMap$ValuesSerializedForm;0;0;0,074;0,007
com.google.common.collect.CustomConcurrentHashMap$KeyIterator;0;0;0,058;0,009
com.google.common.collect.Iterators$10;0;0;0,059;0,011
com.google.common.base.FinalizableReference;0;0;0,016;0,016
com.google.common.collect.Iterators$12;0;0;0,059;0,011
com.google.common.collect.Iterators$11;0;0;0,059;0,011
com.google.common.cache.CacheBuilder$CacheAsMap;0;0;0,023;0,006
com.google.common.collect.MapConstraint;0;0;0,069;0,041
com.google.common.base.Predicate;1;0;0,249;0,149
com.google.common.collect.AbstractMultimap$AsMap;0;1;0,059;0,017
com.google.common.util.concurrent.MoreExecutors$ListeningDecorator;0;0;0,022;0,008
com.google.common.collect.ImmutableSetMultimap$BuilderMultimap;0;0;0,079;0,006
com.google.common.collect.HashBasedTable$Factory;0;0;0,004;0,006
com.google.common.collect.MapConstraints$ConstrainedAsMapValues$1;0;0;0,009;0,013
com.google.common.collect.AbstractListMultimap;0;0;0,019;0,008
com.google.common.io.MultiReader;0;0;0,008;0,008
com.google.common.collect.Lists$CharSequenceAsList;0;0;0,069;0,01
com.google.common.collect.Iterables$IterableWithToString;0;0;0,099;0,027
com.google.common.collect.Maps$KeySet$1;0;0;0,076;0,012
com.google.common.base.Predicates$InstanceOfPredicate;0;0;0,082;0,007
com.google.common.collect.Ranges;0;0;0,022;0,007
com.google.common.net.InetAddresses$TeredoInfo;0;0;0,004;0,007
com.google.common.collect.Iterators$14;0;0;0,059;0,011
com.google.common.collect.Iterators$13;0;0;0,059;0,011
com.google.common.collect.Iterators$15;0;0;0,059;0,011
com.google.common.collect.Lists$ReverseList$1;0;0;0,063;0,012
com.google.common.collect.ForwardingTable;0;0;0,0;0,005
com.google.common.collect.ArrayTable$1;0;0;0,029;0,016
com.google.common.io.ByteArrayDataInput;0;0;0,017;0,013
com.google.common.collect.Sets$InvertibleFunction$1;0;0;0,072;0,02
com.google.common.collect.ImmutableMultimap;1;0;0,11;0,018
com.google.common.eventbus.SynchronizedEventHandler;0;0;0,009;0,006
com.google.common.collect.DiscreteDomains$LongDomain;0;0;0,004;0,007
com.google.common.collect.ImmutableSortedSet;1;0;0,146;0,03
com.google.common.base.Charsets;0;0;0,0;0,005
com.google.common.util.concurrent.AbstractExecutionThreadService$1$1;0;0;0,004;0,009
com.google.common.collect.Multimaps$Keys;0;0;0,062;0,015
com.google.common.base.CharMatcher;0;0;0,099;0,223
com.google.common.base.Joiner$MapJoiner;0;1;0,097;0,019
com.google.common.collect.Multisets$SetMultiset;1;0;0,113;0,012
com.google.common.collect.AbstractMultimap$EntryIterator;0;0;0,052;0,01
com.google.common.cache.CustomConcurrentHashMap$ValueIterator;0;0;0,017;0,009
com.google.common.collect.AbstractMultiset$EntrySet;1;0;0,107;0,008
com.google.common.collect.ImmutableMultimap$BuilderMultimap;0;0;0,08;0,007
com.google.common.collect.Synchronized$SynchronizedSortedMap;0;0;0,076;0,007
com.google.common.collect.RegularImmutableMultiset$1;0;0;0,092;0,007
com.google.common.base.Predicates$OrPredicate;0;0;0,081;0,007
com.google.common.collect.MapMaker;1;0;0,13;0,078
com.google.common.collect.SortedTreeMultiset$Node;0;0;0,024;0,014
com.google.common.collect.AbstractBiMap;0;0;0,033;0,025
com.google.common.collect.SortedIterables$2;0;0;0,084;0,006
com.google.common.collect.SortedIterables$1;0;0;0,084;0,006
com.google.common.collect.AbstractMultimap$WrappedList$WrappedListIterator;0;0;0,051;0,01
com.google.common.collect.Sets$FilteredSet;0;0;0,084;0,009
com.google.common.base.Objects$1;0;1;0,057;0,097
com.google.common.base.Optional$1;0;0;0,022;0,01
com.google.common.base.Splitter$4$1;0;0;0,005;0,009
com.google.common.base.Predicates$1;1;0;0,117;0,037
com.google.common.collect.Maps$FilteredEntryMap$KeySet;0;0;0,084;0,011
com.google.common.collect.ArrayTable$RowMapEntrySet$1;0;0;0,012;0,007
com.google.common.collect.Multimaps$MapMultimap$AsMapEntries$1$1;0;0;0,01;0,009
com.google.common.base.Objects;1;0;0,271;0,204
com.google.common.io.ByteArrayDataOutput;0;0;0,015;0,011
com.google.common.collect.Iterators$6;0;0;0,059;0,011
com.google.common.collect.BiMap;1;0;0,137;0,027
com.google.common.collect.Iterators$7;0;0;0,059;0,011
com.google.common.collect.Iterators$8;0;0;0,059;0,011
com.google.common.collect.Iterators$9;0;0;0,059;0,011
com.google.common.collect.SortedSetMultimap;1;0;0,117;0,016
com.google.common.collect.ImmutableList$ReverseImmutableList$1;0;0;0,056;0,009
com.google.common.collect.ImmutableSortedAsList;0;0;0,087;0,006
com.google.common.collect.CustomConcurrentHashMap$WriteThroughEntry;0;0;0,066;0,015
com.google.common.cache.CustomConcurrentHashMap$StrongEntry;0;0;0,035;0,012
com.google.common.collect.Iterators$1;0;0;0,059;0,011
com.google.common.collect.Iterators$2;0;0;0,059;0,011
com.google.common.collect.Iterators$3;0;0;0,059;0,011
com.google.common.collect.Iterators$4;0;0;0,059;0,011
com.google.common.collect.Iterators$5;0;0;0,059;0,011
com.google.common.collect.AbstractBiMap$KeySet;0;0;0,01;0,01
com.google.common.cache.CustomConcurrentHashMap$ValueReference;0;1;0,071;0,499
com.google.common.collect.Constraints$ConstrainedList;0;0;0,02;0,009
com.google.common.collect.Maps$EntrySet;1;0;0,111;0,017
com.google.common.collect.ImmutableMultimap$Builder;0;1;0,088;0,009
com.google.common.util.concurrent.MoreExecutors;0;0;0,022;0,007
com.google.common.base.Defaults;0;0;0,0;0,005
com.google.common.collect.AbstractMultimap;1;0;0,152;0,094
com.google.common.collect.StandardTable$Row$RowEntrySet;0;0;0,019;0,011
com.google.common.collect.Ordering$ArbitraryOrdering$1;0;0;0,06;0,008
com.google.common.collect.ComputingConcurrentHashMap$ComputingValueReference;0;0;0,068;0,006
com.google.common.collect.ForwardingMultiset$StandardElementSet;1;0;0,102;0,007
com.google.common.collect.ArrayTable$CellSet;0;0;0,016;0,01
com.google.common.cache.CustomConcurrentHashMap$Strength;0;0;0,043;0,014
com.google.common.base.FinalizableSoftReference;0;0;0,0;0,005
com.google.common.base.internal.Finalizer$1;0;0;0,007;0,014
com.google.common.collect.BstOperations;0;0;0,019;0,008
com.google.common.collect.EmptyContiguousSet$1;0;0;0,022;0,008
com.google.common.collect.MapConstraints$ConstrainedSetMultimap;0;0;0,018;0,007
com.google.common.collect.ImmutableMap$Builder;1;0;0,157;0,03
com.google.common.collect.AbstractBiMap$1;0;0;0,018;0,016
com.google.common.collect.MutableClassToInstanceMap$1;0;0;0,003;0,007
com.google.common.cache.CustomConcurrentHashMap$StrongExpirableEntry;0;0;0,022;0,007
com.google.common.collect.Iterables$ConsumingQueueIterator;0;0;0,077;0,009
com.google.common.collect.AbstractBiMap$EntrySet;0;0;0,013;0,011
com.google.common.util.concurrent.AbstractExecutionThreadService;0;0;0,008;0,018
com.google.common.collect.CustomConcurrentHashMap$Strength$1;0;0;0,073;0,008
com.google.common.collect.CustomConcurrentHashMap$Strength$2;0;0;0,073;0,008
com.google.common.collect.CustomConcurrentHashMap$Strength$3;0;0;0,073;0,008
com.google.common.collect.StandardTable$CellIterator;0;0;0,017;0,007
com.google.common.collect.Multimaps$CustomMultimap;0;0;0,013;0,006
com.google.common.collect.ComputationException;0;0;0,073;0,013
com.google.common.collect.RegularImmutableList;0;1;0,068;0,024
com.google.common.collect.StandardTable$ColumnKeySet;0;0;0,016;0,008
com.google.common.collect.Tables$TransposeTable$1;0;0;0,019;0,006
com.google.common.collect.Multimaps$Values$1;0;0;0,048;0,014
com.google.common.collect.StandardRowSortedTable$RowSortedMap;0;0;0,008;0,007
com.google.common.base.Splitter$2$1;0;0;0,005;0,009
com.google.common.cache.ComputingCache$CacheAsMap;0;0;0,023;0,006
com.google.common.collect.Lists$TransformingRandomAccessList;0;0;0,069;0,01
com.google.common.collect.Maps$TransformedEntriesMap$1$1;0;0;0,075;0,007
com.google.common.collect.Synchronized$SynchronizedAsMapEntries;0;0;0,079;0,011
com.google.common.collect.RegularImmutableMap$KeySet;0;0;0,082;0,007
com.google.common.collect.ImmutableSet$TransformedImmutableSet$1;0;0;0,076;0,008
com.google.common.util.concurrent.SimpleTimeLimiter$1$1;0;0;0,003;0,01
com.google.common.cache.CustomConcurrentHashMap$EntryFactory$9;0;0;0,021;0,007
com.google.common.cache.CustomConcurrentHashMap$EntryFactory$8;0;0;0,021;0,007
com.google.common.collect.EmptyImmutableMultiset;0;0;0,097;0,007
com.google.common.cache.CustomConcurrentHashMap$EntryFactory$7;0;0;0,021;0,007
com.google.common.collect.Maps$FilteredEntryMap$KeySet$1;0;0;0,077;0,007
com.google.common.collect.AbstractMultimap$2;0;0;0,052;0,01
com.google.common.collect.AbstractMultimap$3;0;0;0,052;0,01
com.google.common.collect.Multisets;1;0;0,212;0,032
com.google.common.collect.AbstractMultimap$1;0;0;0,052;0,01
com.google.common.base.Ticker;1;0;0,115;0,039
com.google.common.collect.ComparisonChain;0;0;0,004;0,014
com.google.common.collect.AbstractMultimap$4;0;0;0,052;0,01
com.google.common.cache.CustomConcurrentHashMap$EntryFactory$6;0;0;0,021;0,007
com.google.common.io.ByteStreams;0;0;0,022;0,011
com.google.common.cache.CustomConcurrentHashMap$EntryFactory$5;0;0;0,021;0,007
com.google.common.collect.Maps$AbstractFilteredMap;0;1;0,094;0,014
com.google.common.cache.CustomConcurrentHashMap$EntryFactory$4;0;0;0,021;0,007
com.google.common.cache.CustomConcurrentHashMap$EntryFactory$3;0;0;0,021;0,007
com.google.common.collect.StandardTable$Values;0;0;0,019;0,012
com.google.common.cache.CustomConcurrentHashMap$EntryFactory$2;0;0;0,021;0,007
com.google.common.cache.CustomConcurrentHashMap$EntryFactory$1;0;0;0,021;0,007
com.google.common.eventbus.EventBus$EventWithHandler;0;0;0,012;0,011
com.google.common.io.ByteProcessor;0;0;0,021;0,017
com.google.common.collect.Multimaps$TransformedEntriesMultimap$TransformedEntries$1$1;0;0;0,014;0,007
com.google.common.cache.CustomConcurrentHashMap$ComputedValue;0;0;0,043;0,022
com.google.common.collect.ImmutableSet$Builder;0;1;0,089;0,017
com.google.common.collect.Sets$SetView;1;0;0,108;0,017
com.google.common.collect.Synchronized$SynchronizedAsMapValues$1;0;0;0,07;0,008
com.google.common.cache.CustomConcurrentHashMap$ComputedError;0;0;0,024;0,006
com.google.common.collect.Synchronized$SynchronizedSortedSet;0;0;0,076;0,007
com.google.common.util.concurrent.AbstractExecutionThreadService$2;0;0;0,003;0,009
com.google.common.util.concurrent.AbstractExecutionThreadService$1;0;0;0,005;0,011
com.google.common.cache.CustomConcurrentHashMap$WeakEntry;0;0;0,035;0,012
com.google.common.collect.Maps$UnmodifiableEntries$1;0;0;0,082;0,011
com.google.common.collect.MapMaker$RemovalCause$4;0;0;0,054;0,016
com.google.common.collect.MapMaker$RemovalCause$5;0;0;0,054;0,016
com.google.common.collect.MapMaker$RemovalCause$2;0;0;0,054;0,016
com.google.common.base.Suppliers$ThreadSafeSupplier;0;0;0,024;0,006
com.google.common.collect.MapMaker$RemovalCause$3;0;0;0,054;0,016
com.google.common.collect.StandardTable$RowMap$EntrySet;0;0;0,017;0,009
com.google.common.primitives.Shorts$ShortArrayAsList;0;0;0,002;0,011
com.google.common.collect.UsingToStringOrdering;0;0;0,065;0,009
com.google.common.collect.Tables$ImmutableCell;0;0;0,021;0,007
com.google.common.collect.RegularImmutableMap$TerminalEntry;0;0;0,082;0,007
com.google.common.cache.CacheBuilder$NullConcurrentMap;0;0;0,026;0,007
com.google.common.base.Predicates;1;0;0,107;0,024
com.google.common.collect.EmptyContiguousSet;0;0;0,025;0,009
com.google.common.collect.MapMaker$RemovalCause$1;0;0;0,054;0,016
com.google.common.collect.BstModificationResult;0;0;0,027;0,012
com.google.common.cache.CustomConcurrentHashMap$StrongEvictableEntry;0;0;0,022;0,007
com.google.common.collect.ForwardingMap$StandardEntrySet;0;0;0,076;0,008
com.google.common.collect.Sets$TransformedSet;0;0;0,084;0,009
com.google.common.util.concurrent.Uninterruptibles;0;0;0,035;0,015
com.google.common.cache.CustomConcurrentHashMap$KeySet;0;0;0,015;0,008
com.google.common.collect.CustomConcurrentHashMap$SoftEntry;0;0;0,074;0,012
com.google.common.collect.SortedMultisets$DescendingMultiset$2;0;0;0,013;0,006
com.google.common.collect.SortedMultisets$DescendingMultiset$1;0;0;0,013;0,006
com.google.common.collect.MapDifference;0;1;0,09;0,013
com.google.common.collect.AbstractLinkedIterator;1;0;0,112;0,018
com.google.common.collect.ConcurrentHashMultiset$2;0;0;0,006;0,006
com.google.common.collect.ConcurrentHashMultiset$1;0;0;0,009;0,007
com.google.common.collect.ConcurrentHashMultiset$3;0;0;0,006;0,006
com.google.common.primitives.Ints$LexicographicalComparator;0;0;0,088;0,022
com.google.common.collect.Synchronized$SynchronizedSetMultimap;0;1;0,079;0,008
com.google.common.base.Splitter$AbstractIterator;0;0;0,007;0,012
com.google.common.collect.StandardTable$ColumnKeyIterator;0;0;0,016;0,008
com.google.common.cache.CustomConcurrentHashMap$ReferenceEntry;1;0;0,151;0,523
com.google.common.collect.MinMaxPriorityQueue$Heap;0;0;0,005;0,007
com.google.common.collect.Multimaps$TransformedEntriesListMultimap$1;0;0;0,013;0,006
com.google.common.collect.CustomConcurrentHashMap$EntryFactory$6;0;0;0,06;0,007
com.google.common.collect.Multimaps$UnmodifiableAsMapEntries$1;0;0;0,012;0,008
com.google.common.collect.CustomConcurrentHashMap$EntryFactory$5;0;0;0,06;0,007
com.google.common.collect.CustomConcurrentHashMap$EntryFactory$4;0;0;0,06;0,007
com.google.common.collect.CustomConcurrentHashMap$EntryFactory$3;0;0;0,06;0,007
com.google.common.collect.CustomConcurrentHashMap$ReferenceEntry;1;0;0,203;0,595
com.google.common.collect.CustomConcurrentHashMap$EntryFactory$2;0;0;0,06;0,007
com.google.common.collect.StandardTable$Column$EntrySetIterator$1;0;0;0,017;0,007
com.google.common.collect.CustomConcurrentHashMap$EntryFactory$1;0;0;0,06;0,007
com.google.common.base.CharMatcher$12;0;0;0,033;0,014
com.google.common.base.CharMatcher$11;0;0;0,033;0,014
com.google.common.collect.CustomConcurrentHashMap$ExpirationQueue;0;1;0,07;0,012
com.google.common.base.CharMatcher$10;0;0;0,033;0,014
com.google.common.collect.ImmutableCollection$1;0;1;0,064;0,017
com.google.common.collect.CustomConcurrentHashMap$EntryFactory$9;0;0;0,06;0,007
com.google.common.base.CharMatcher$15;0;0;0,033;0,014
com.google.common.collect.CustomConcurrentHashMap$EntryFactory$8;0;0;0,06;0,007
com.google.common.base.CharMatcher$14;0;0;0,033;0,014
com.google.common.collect.CustomConcurrentHashMap$EntryFactory$7;0;0;0,06;0,007
com.google.common.base.CharMatcher$13;0;0;0,033;0,014
com.google.common.util.concurrent.Futures$MappingCheckedFuture;0;0;0,012;0,006
com.google.common.base.Platform;0;0;0,074;0,033
com.google.common.collect.ImmutableList$ReverseImmutableList;0;1;0,062;0,019
com.google.common.collect.ArrayTable$RowEntrySet$1;0;0;0,014;0,01
com.google.common.collect.ImmutableMultimap$SortedKeyBuilderMultimap;0;0;0,08;0,007
com.google.common.collect.AbstractBiMap$ValueSet$1;0;0;0,008;0,008
com.google.common.collect.AbstractMultimap$SortedKeySet;0;1;0,054;0,012
com.google.common.collect.Sets;1;0;0,24;0,078
com.google.common.collect.ImmutableCollection$EmptyImmutableCollection;0;0;0,063;0,015
com.google.common.collect.CustomConcurrentHashMap$WeakEntry;0;0;0,074;0,012
com.google.common.collect.Sets$PowerSet$1$1;0;0;0,075;0,009
com.google.common.collect.ImmutableClassToInstanceMap$1;0;0;0,007;0,008
com.google.common.collect.BoundType;0;0;0,093;0,05
com.google.common.collect.Multisets$ElementSet;1;0;0,118;0,013
com.google.common.collect.AbstractBiMap$KeySet$1;0;0;0,008;0,008
com.google.common.collect.ComparisonChain$1;0;0;0,004;0,016
com.google.common.collect.Tables$TransformedTable$CellSet;0;0;0,018;0,007
com.google.common.collect.ImmutableClassToInstanceMap;0;0;0,004;0,007
com.google.common.collect.AbstractMultimap$SortedAsMap;0;0;0,052;0,01
com.google.common.collect.Iterables$2;0;0;0,077;0,008
com.google.common.collect.Lists$TransformingSequentialList$1;0;0;0,066;0,009
com.google.common.primitives.Booleans;0;0;0,025;0,027
com.google.common.collect.Iterables$3;0;0;0,077;0,008
com.google.common.collect.Iterables$4;0;0;0,077;0,008
com.google.common.collect.Iterables$5;0;0;0,077;0,008
com.google.common.cache.CustomConcurrentHashMap$EntryFactory$12;0;0;0,021;0,007
com.google.common.collect.Iterables$6;0;0;0,077;0,008
com.google.common.collect.Iterables$7;0;0;0,077;0,008
com.google.common.collect.ForwardingObject;1;0;0,163;0,075
com.google.common.collect.Iterables$8;0;0;0,077;0,008
com.google.common.collect.Iterables$9;0;0;0,077;0,008
com.google.common.collect.Multimaps$UnmodifiableListMultimap;0;0;0,012;0,006
com.google.common.cache.CustomConcurrentHashMap$ComputedException;0;0;0,024;0,006
com.google.common.cache.CustomConcurrentHashMap$EntryFactory$11;0;0;0,021;0,007
com.google.common.cache.CustomConcurrentHashMap$EntryFactory$10;0;0;0,021;0,007
com.google.common.collect.Multisets$UnmodifiableMultiset;1;0;0,107;0,008
com.google.common.collect.ImmutableBiMap;0;1;0,089;0,012
com.google.common.cache.CustomConcurrentHashMap$ExpirationQueue$1;0;0;0,022;0,007
com.google.common.collect.Multimaps$Keys$1$1;0;0;0,05;0,008
com.google.common.cache.CustomConcurrentHashMap$ExpirationQueue$2;0;0;0,022;0,007
com.google.common.collect.ImmutableCollection$ArrayImmutableCollection;0;0;0,06;0,01
com.google.common.collect.RegularImmutableSortedMultiset$CumulativeCountEntry;0;0;0,013;0,007
com.google.common.collect.Multimaps$Keys$KeysEntrySet;0;0;0,052;0,007
com.google.common.collect.BstNodeFactory;0;0;0,042;0,017
com.google.common.collect.Collections2$1;0;0;0,078;0,013
com.google.common.collect.Iterables$1;0;1;0,086;0,017
com.google.common.base.Platform$1;0;0;0,059;0,019
com.google.common.cache.CustomConcurrentHashMap$ComputedNull;0;0;0,024;0,006
com.google.common.base.Splitter$3;0;0;0,007;0,015
com.google.common.collect.ConcurrentHashMultiset$EntrySet;0;0;0,006;0,006
com.google.common.base.Splitter$4;0;0;0,007;0,015
com.google.common.base.Splitter$5;0;0;0,004;0,012
com.google.common.collect.RegularImmutableMap$EntrySet;0;0;0,082;0,007
com.google.common.base.Splitter$6;0;0;0,007;0,008
com.google.common.eventbus.DeadEvent;0;0;0,007;0,006
com.google.common.base.Ascii;0;1;0,095;0,014
com.google.common.collect.CustomConcurrentHashMap$WeakEvictableEntry;0;0;0,06;0,007
com.google.common.primitives.SignedBytes;0;0;0,002;0,016
com.google.common.primitives.Bytes$ByteArrayAsList;0;0;0,002;0,009
com.google.common.base.Enums$ValueOfFunction;0;0;0,004;0,007
com.google.common.base.Splitter$1;0;0;0,011;0,026
com.google.common.base.Splitter$2;0;0;0,007;0,015
com.google.common.collect.CustomConcurrentHashMap$ValueIterator;0;0;0,058;0,009
com.google.common.cache.RemovalCause;0;0;0,041;0,129
com.google.common.collect.MapConstraints$ConstrainedMultimap$2;0;0;0,013;0,007
com.google.common.collect.SortedIterables;0;1;0,092;0,009
com.google.common.collect.Serialization$1;1;0;0,111;0,022
com.google.common.collect.Maps$FilteredEntryMap$EntrySet$1;0;0;0,078;0,009
com.google.common.collect.RegularImmutableSortedSet;0;1;0,099;0,01
com.google.common.collect.MapConstraints$ConstrainedMultimap$1;0;0;0,013;0,007
com.google.common.cache.CustomConcurrentHashMap$AbstractReferenceEntry;0;0;0,027;0,01
