version,avg_in_degree,bunch_threshold,bunch_noise,jnode_noise,common,jaccard,mq_A1_system,mq_A2_jnode,mq_A2_bunch,mojofm_A1_system,mojofm_A2_jnode,mojofm_A2_bunch,bunch_classes
10.0,4.27,12.8,25,24,11,0.289,0.25069,0.23835,0.24365,72.45,74.71,76.13,BoundType BstNode Collections2 Function ImmutableCollection ImmutableList ImmutableMap ImmutableSet ImmutableSortedSet Iterables Iterators ListenableFuture Lists Maps Multimap Multiset Multisets ObjectArrays Objects Ordering Preconditions Serialization Sets Supplier UnmodifiableIterator
12.0,4.51,13.53,27,15,5,0.135,0.25235,0.25832,0.2499,72.59,72.64,75.52,BoundType BstNode Collections2 Function HashCode ImmutableCollection ImmutableList ImmutableMap ImmutableSet ImmutableSortedSet Ints Iterables Iterators ListenableFuture Lists Maps Multimap Multiset Multisets Objects Ordering Preconditions Predicate Serialization Sets Supplier UnmodifiableIterator
14.0,4.99,14.96,26,48,7,0.104,0.25445,0.25065,0.23337,71.24,76.8,72.48,BoundType Collections2 Function HashCode ImmutableCollection ImmutableList ImmutableMap ImmutableSet ImmutableSortedSet Ints Iterables Iterators ListenableFuture Lists Maps Multimap Multiset Multisets ObjectArrays Objects Ordering Preconditions Predicate Sets Supplier UnmodifiableIterator
16.0,4.99,14.97,29,58,11,0.145,0.25993,0.25404,0.24546,72.02,76.92,72.27,AbstractIterator BoundType CollectPreconditions Collections2 Function HashCode Hasher ImmutableCollection ImmutableList ImmutableMap ImmutableSet ImmutableSortedSet Ints Iterables Iterators ListenableFuture Lists Maps Multimap Multiset Multisets Objects Ordering Preconditions Predicate SetMultimap Sets Supplier UnmodifiableIterator
18.0,4.92,14.77,30,58,10,0.128,0.26192,0.25269,0.24925,70.84,76.02,72.38,AbstractIterator BoundType CollectPreconditions Collections2 Function HashCode Hasher ImmutableCollection ImmutableList ImmutableMap ImmutableSet ImmutableSortedSet Ints Iterables Iterators ListenableFuture Lists Maps MoreObjects Multimap Multiset Multisets Objects Ordering Preconditions Predicate SetMultimap Sets Supplier UnmodifiableIterator
20.0,5.0,14.99,33,68,13,0.148,0.2527,0.24903,0.24371,71.64,76.34,73.66,AbstractIterator BoundType CollectPreconditions Collections2 Function Graph HashCode Hasher ImmutableCollection ImmutableList ImmutableMap ImmutableSet ImmutableSortedSet IntMath Ints Iterables Iterators ListenableFuture Lists Maps MoreObjects Multimap Multiset Multisets Objects Optional Ordering Preconditions Predicate SetMultimap Sets Supplier UnmodifiableIterator
22.0,5.01,15.02,33,73,13,0.14,0.25076,0.24296,0.23757,70.26,73.51,70.86,AbstractIterator BoundType CollectPreconditions CollectSpliterators Collections2 ElementOrder Function HashCode Hasher ImmutableCollection ImmutableList ImmutableMap ImmutableSet ImmutableSortedSet Ints Iterables Iterators ListenableFuture Lists Maps MoreObjects Multimap Multiset Multisets Objects Optional Ordering Preconditions Predicate SetMultimap Sets Supplier UnmodifiableIterator
24.0,5.0,14.99,35,75,13,0.134,0.24937,0.24416,0.23465,68.95,72.71,70.92,AbstractIterator BoundType CollectPreconditions CollectSpliterators Collections2 ElementOrder Function HashCode Hasher ImmutableCollection ImmutableList ImmutableMap ImmutableSet ImmutableSortedSet IntMath Ints Iterables Iterators ListenableFuture Lists Maps MoreObjects Multimap Multiset Multisets Objects Optional Ordering Preconditions Predicate Range SetMultimap Sets Supplier UnmodifiableIterator
26.0,5.02,15.06,33,75,13,0.137,0.24562,0.24144,0.23119,69.42,72.29,70.81,AbstractIterator BoundType CollectPreconditions CollectSpliterators Collections2 ElementOrder Function HashCode Hasher ImmutableCollection ImmutableList ImmutableMap ImmutableSet IntMath Ints Iterables Iterators ListenableFuture Lists Maps MoreObjects Multimap Multiset Multisets Objects Optional Ordering Preconditions Predicate SetMultimap Sets Supplier UnmodifiableIterator
28.0,5.06,15.19,34,75,13,0.135,0.2486,0.24039,0.23556,69.11,72.62,69.52,AbstractIterator BoundType CollectPreconditions CollectSpliterators Collections2 ElementOrder EndpointPair Function HashCode Hasher ImmutableCollection ImmutableList ImmutableMap ImmutableSet IntMath Ints Iterables Iterators ListenableFuture Lists Maps MoreObjects Multimap Multiset Multisets Objects Optional Ordering Preconditions Predicate SetMultimap Sets Supplier UnmodifiableIterator
30.0,5.06,15.19,33,82,16,0.162,0.24285,0.23639,0.23338,71.05,73.17,70.43,AbstractIterator BoundType CollectPreconditions CollectSpliterators ElementOrder EndpointPair Function HashCode Hasher ImmutableCollection ImmutableList ImmutableMap ImmutableSet IntMath Ints Iterables Iterators ListenableFuture Lists Maps MoreObjects Multimap Multiset Multisets Objects Optional Ordering Preconditions Predicate SetMultimap Sets Supplier UnmodifiableIterator
32.0.0,5.1,15.3,33,68,11,0.122,0.24794,0.2449,0.2352,71.0,74.78,70.86,AbstractIterator BoundType CollectPreconditions CollectSpliterators ElementOrder EndpointPair Function HashCode Hasher ImmutableCollection ImmutableList ImmutableMap ImmutableSet IntMath Ints Iterables Iterators ListenableFuture Lists Maps MoreObjects Multimap Multiset Multisets Objects Optional Ordering Preconditions Predicate SetMultimap Sets Supplier UnmodifiableIterator
33.7.0,5.01,15.03,30,77,11,0.115,0.24947,0.24231,0.23751,70.79,75.51,71.34,AbstractIterator BoundType CollectPreconditions CollectSpliterators ElementOrder EndpointPair Function HashCode Hasher ImmutableCollection ImmutableList ImmutableMap ImmutableSet Ints Iterables Iterators ListenableFuture Lists Maps MoreObjects Multimap Multiset Multisets Ordering Preconditions Predicate SetMultimap Sets Supplier UnmodifiableIterator
