version,arch,k,inertia
10.0,A3,4,235.954
10.0,A3,7,215.232
10.0,A3,10,199.105
10.0,A3,13,184.281
10.0,A3,16,172.471
10.0,A3,19,163.3
10.0,A3,22,151.213
10.0,A3,25,142.953
10.0,A3,28,135.631
10.0,A3,31,129.066
10.0,A3,34,123.31
10.0,A3,37,117.52
10.0,A3,40,112.608
10.0,A3,43,107.347
10.0,A3,46,103.088
10.0,A3,49,97.784
10.0,A3,52,91.744
10.0,A3,55,87.884
10.0,A3,58,85.265
10.0,A3,61,80.921
10.0,A3,64,79.236
10.0,A3,67,75.534
10.0,A3,70,72.876
10.0,A3,73,68.798
10.0,A3,76,66.562
10.0,A3,79,65.024
10.0,A3,82,61.863
10.0,A3,85,60.04
10.0,A3,88,58.707
10.0,A3,91,55.397
10.0,A3,94,53.696
10.0,A3,97,51.456
10.0,A4,4,210.983
10.0,A4,6,195.038
10.0,A4,8,181.67
10.0,A4,10,172.723
10.0,A4,12,163.034
10.0,A4,14,155.987
10.0,A4,16,148.585
10.0,A4,18,143.649
10.0,A4,20,133.201
10.0,A4,22,127.781
10.0,A4,24,122.489
10.0,A4,26,116.285
10.0,A4,28,111.768
10.0,A4,30,106.277
10.0,A4,32,100.918
10.0,A4,34,96.018
10.0,A4,36,92.034
10.0,A4,38,88.045
10.0,A4,40,83.82
10.0,A4,42,80.09
10.0,A4,44,77.675
10.0,A4,46,73.471
10.0,A4,48,70.431
10.0,A4,50,67.239
10.0,A4,52,64.337
10.0,A4,54,60.434
10.0,A4,56,58.204
10.0,A4,58,54.841
10.0,A4,60,52.573
10.0,A4,62,49.257
10.0,A4,64,48.179
10.0,A4,66,45.769
10.0,A4,68,43.287
10.0,A4,70,41.782
10.0,A4,72,40.908
10.0,A4,74,37.829
10.0,A4,76,36.656
10.0,A4,78,36.195
12.0,A3,4,276.586
12.0,A3,7,251.304
12.0,A3,10,233.617
12.0,A3,13,218.787
12.0,A3,16,204.803
12.0,A3,19,193.315
12.0,A3,22,179.556
12.0,A3,25,174.463
12.0,A3,28,163.478
12.0,A3,31,155.876
12.0,A3,34,148.493
12.0,A3,37,139.248
12.0,A3,40,133.87
12.0,A3,43,127.192
12.0,A3,46,120.697
12.0,A3,49,117.348
12.0,A3,52,109.536
12.0,A3,55,107.816
12.0,A3,58,102.322
12.0,A3,61,100.959
12.0,A3,64,94.981
12.0,A3,67,92.879
12.0,A3,70,89.64
12.0,A3,73,87.36
12.0,A3,76,85.429
12.0,A3,79,81.683
12.0,A3,82,77.612
12.0,A3,85,76.28
12.0,A3,88,74.18
12.0,A3,91,71.855
12.0,A3,94,69.91
12.0,A3,97,68.279
12.0,A3,100,65.507
12.0,A3,103,63.424
12.0,A3,106,61.165
12.0,A3,109,60.22
12.0,A3,112,58.191
12.0,A3,115,56.264
12.0,A4,4,255.675
12.0,A4,6,241.375
12.0,A4,8,228.504
12.0,A4,10,218.077
12.0,A4,12,207.046
12.0,A4,14,198.671
12.0,A4,16,188.825
12.0,A4,18,181.865
12.0,A4,20,171.59
12.0,A4,22,165.741
12.0,A4,24,158.213
12.0,A4,26,147.558
12.0,A4,28,144.188
12.0,A4,30,138.183
12.0,A4,32,128.488
12.0,A4,34,125.643
12.0,A4,36,120.689
12.0,A4,38,113.554
12.0,A4,40,108.688
12.0,A4,42,104.941
12.0,A4,44,100.039
12.0,A4,46,96.48
12.0,A4,48,93.39
12.0,A4,50,86.255
12.0,A4,52,84.385
12.0,A4,54,80.321
12.0,A4,56,75.872
12.0,A4,58,70.468
12.0,A4,60,68.569
12.0,A4,62,65.259
12.0,A4,64,60.317
12.0,A4,66,59.854
12.0,A4,68,56.943
12.0,A4,70,54.246
12.0,A4,72,52.365
12.0,A4,74,50.391
12.0,A4,76,48.457
12.0,A4,78,46.141
12.0,A4,80,44.484
12.0,A4,82,43.489
12.0,A4,84,41.665
12.0,A4,86,39.284
12.0,A4,88,37.507
12.0,A4,90,36.028
12.0,A4,92,34.506
14.0,A3,4,299.316
14.0,A3,7,273.914
14.0,A3,10,257.326
14.0,A3,13,238.332
14.0,A3,16,225.376
14.0,A3,19,215.379
14.0,A3,22,202.06
14.0,A3,25,193.208
14.0,A3,28,182.585
14.0,A3,31,175.877
14.0,A3,34,166.954
14.0,A3,37,163.011
14.0,A3,40,152.964
14.0,A3,43,146.926
14.0,A3,46,141.687
14.0,A3,49,138.483
14.0,A3,52,130.949
14.0,A3,55,128.282
14.0,A3,58,123.895
14.0,A3,61,120.247
14.0,A3,64,116.239
14.0,A3,67,111.172
14.0,A3,70,108.099
14.0,A3,73,104.533
14.0,A3,76,102.089
14.0,A3,79,99.754
14.0,A3,82,96.604
14.0,A3,85,93.688
14.0,A3,88,89.951
14.0,A3,91,87.848
14.0,A3,94,86.326
14.0,A3,97,83.765
14.0,A3,100,80.519
14.0,A3,103,79.997
14.0,A3,106,79.299
14.0,A3,109,76.24
14.0,A3,112,74.085
14.0,A3,115,72.101
14.0,A3,118,70.327
14.0,A3,121,69.416
14.0,A3,124,66.598
14.0,A3,127,64.939
14.0,A4,4,282.73
14.0,A4,7,260.476
14.0,A4,10,244.692
14.0,A4,13,226.058
14.0,A4,16,212.261
14.0,A4,19,198.026
14.0,A4,22,186.031
14.0,A4,25,174.922
14.0,A4,28,164.398
14.0,A4,31,151.415
14.0,A4,34,142.96
14.0,A4,37,134.118
14.0,A4,40,124.002
14.0,A4,43,116.46
14.0,A4,46,108.256
14.0,A4,49,100.814
14.0,A4,52,94.913
14.0,A4,55,89.531
14.0,A4,58,83.188
14.0,A4,61,76.714
14.0,A4,64,70.753
14.0,A4,67,66.01
14.0,A4,70,60.847
14.0,A4,73,57.354
14.0,A4,76,53.513
14.0,A4,79,51.06
14.0,A4,82,46.23
14.0,A4,85,45.404
14.0,A4,88,42.987
14.0,A4,91,39.897
14.0,A4,94,37.039
14.0,A4,97,34.856
14.0,A4,100,33.757
14.0,A4,103,32.129
16.0,A3,4,329.798
16.0,A3,8,293.487
16.0,A3,12,269.175
16.0,A3,16,246.82
16.0,A3,20,231.545
16.0,A3,24,216.341
16.0,A3,28,203.071
16.0,A3,32,190.143
16.0,A3,36,179.551
16.0,A3,40,168.327
16.0,A3,44,162.128
16.0,A3,48,154.699
16.0,A3,52,147.54
16.0,A3,56,142.426
16.0,A3,60,133.397
16.0,A3,64,129.166
16.0,A3,68,123.357
16.0,A3,72,119.32
16.0,A3,76,114.515
16.0,A3,80,110.226
16.0,A3,84,104.858
16.0,A3,88,103.43
16.0,A3,92,99.742
16.0,A3,96,92.972
16.0,A3,100,94.125
16.0,A3,104,89.506
16.0,A3,108,87.326
16.0,A3,112,83.361
16.0,A3,116,79.789
16.0,A3,120,77.509
16.0,A3,124,76.856
16.0,A3,128,74.059
16.0,A3,132,71.573
16.0,A3,136,68.853
16.0,A3,140,65.965
16.0,A4,4,308.802
16.0,A4,7,280.97
16.0,A4,10,261.649
16.0,A4,13,240.296
16.0,A4,16,222.226
16.0,A4,19,212.482
16.0,A4,22,196.337
16.0,A4,25,185.154
16.0,A4,28,171.559
16.0,A4,31,159.883
16.0,A4,34,150.31
16.0,A4,37,141.454
16.0,A4,40,131.62
16.0,A4,43,126.498
16.0,A4,46,118.244
16.0,A4,49,109.815
16.0,A4,52,103.767
16.0,A4,55,96.793
16.0,A4,58,90.299
16.0,A4,61,84.5
16.0,A4,64,78.542
16.0,A4,67,72.475
16.0,A4,70,65.382
16.0,A4,73,64.255
16.0,A4,76,58.368
16.0,A4,79,56.182
16.0,A4,82,51.953
16.0,A4,85,50.181
16.0,A4,88,47.033
16.0,A4,91,44.563
16.0,A4,94,41.79
16.0,A4,97,41.084
16.0,A4,100,39.121
16.0,A4,103,36.957
16.0,A4,106,34.568
16.0,A4,109,32.944
16.0,A4,112,31.407
18.0,A3,4,331.199
18.0,A3,8,297.538
18.0,A3,12,276.016
18.0,A3,16,254.568
18.0,A3,20,235.723
18.0,A3,24,220.541
18.0,A3,28,207.396
18.0,A3,32,196.519
18.0,A3,36,183.75
18.0,A3,40,172.938
18.0,A3,44,165.868
18.0,A3,48,158.509
18.0,A3,52,148.138
18.0,A3,56,142.147
18.0,A3,60,135.117
18.0,A3,64,129.01
18.0,A3,68,126.02
18.0,A3,72,120.573
18.0,A3,76,114.813
18.0,A3,80,111.994
18.0,A3,84,108.388
18.0,A3,88,104.105
18.0,A3,92,100.829
18.0,A3,96,97.507
18.0,A3,100,92.531
18.0,A3,104,91.229
18.0,A3,108,87.614
18.0,A3,112,83.855
18.0,A3,116,82.414
18.0,A3,120,80.072
18.0,A3,124,78.013
18.0,A3,128,74.329
18.0,A3,132,72.625
18.0,A3,136,71.514
18.0,A3,140,69.151
18.0,A4,4,312.365
18.0,A4,7,285.715
18.0,A4,10,263.498
18.0,A4,13,249.567
18.0,A4,16,230.539
18.0,A4,19,216.187
18.0,A4,22,201.457
18.0,A4,25,188.681
18.0,A4,28,175.57
18.0,A4,31,162.693
18.0,A4,34,156.479
18.0,A4,37,145.647
18.0,A4,40,135.876
18.0,A4,43,127.854
18.0,A4,46,121.12
18.0,A4,49,110.447
18.0,A4,52,103.526
18.0,A4,55,96.58
18.0,A4,58,89.192
18.0,A4,61,81.93
18.0,A4,64,76.886
18.0,A4,67,72.656
18.0,A4,70,69.073
18.0,A4,73,62.958
18.0,A4,76,58.518
18.0,A4,79,54.096
18.0,A4,82,50.324
18.0,A4,85,48.685
18.0,A4,88,46.451
18.0,A4,91,43.118
18.0,A4,94,41.871
18.0,A4,97,38.39
18.0,A4,100,37.665
18.0,A4,103,35.39
18.0,A4,106,33.324
18.0,A4,109,31.679
18.0,A4,112,30.115
20.0,A3,4,381.364
20.0,A3,8,338.427
20.0,A3,12,313.785
20.0,A3,16,292.679
20.0,A3,20,270.331
20.0,A3,24,256.593
20.0,A3,28,239.078
20.0,A3,32,223.366
20.0,A3,36,212.161
20.0,A3,40,201.128
20.0,A3,44,189.977
20.0,A3,48,184.046
20.0,A3,52,170.854
20.0,A3,56,163.971
20.0,A3,60,158.161
20.0,A3,64,152.178
20.0,A3,68,144.43
20.0,A3,72,139.26
20.0,A3,76,136.033
20.0,A3,80,133.153
20.0,A3,84,127.937
20.0,A3,88,123.279
20.0,A3,92,120.087
20.0,A3,96,116.286
20.0,A3,100,111.888
20.0,A3,104,108.827
20.0,A3,108,105.563
20.0,A3,112,103.55
20.0,A3,116,99.966
20.0,A3,120,95.986
20.0,A3,124,93.613
20.0,A3,128,92.22
20.0,A3,132,89.057
20.0,A3,136,86.554
20.0,A3,140,84.369
20.0,A3,144,80.908
20.0,A3,148,79.102
20.0,A3,152,77.119
20.0,A3,156,74.723
20.0,A3,160,72.612
20.0,A4,4,356.816
20.0,A4,8,322.245
20.0,A4,12,287.926
20.0,A4,16,262.773
20.0,A4,20,244.43
20.0,A4,24,218.413
20.0,A4,28,202.472
20.0,A4,32,183.576
20.0,A4,36,173.249
20.0,A4,40,157.491
20.0,A4,44,146.148
20.0,A4,48,134.489
20.0,A4,52,122.989
20.0,A4,56,111.412
20.0,A4,60,103.91
20.0,A4,64,95.189
20.0,A4,68,87.963
20.0,A4,72,82.797
20.0,A4,76,75.766
20.0,A4,80,72.337
20.0,A4,84,66.881
20.0,A4,88,61.763
20.0,A4,92,59.394
20.0,A4,96,55.95
20.0,A4,100,53.452
20.0,A4,104,50.549
20.0,A4,108,47.488
20.0,A4,112,44.916
20.0,A4,116,43.037
20.0,A4,120,40.629
20.0,A4,124,36.976
20.0,A4,128,35.513
20.0,A4,132,34.164
22.0,A3,4,390.235
22.0,A3,9,343.959
22.0,A3,14,311.219
22.0,A3,19,286.327
22.0,A3,24,263.156
22.0,A3,29,241.184
22.0,A3,34,223.439
22.0,A3,39,208.574
22.0,A3,44,193.034
22.0,A3,49,183.508
22.0,A3,54,174.273
22.0,A3,59,165.036
22.0,A3,64,156.652
22.0,A3,69,152.115
22.0,A3,74,141.995
22.0,A3,79,137.571
22.0,A3,84,132.456
22.0,A3,89,126.288
22.0,A3,94,122.877
22.0,A3,99,118.043
22.0,A3,104,114.182
22.0,A3,109,110.349
22.0,A3,114,106.192
22.0,A3,119,101.653
22.0,A3,124,98.82
22.0,A3,129,95.146
22.0,A3,134,93.525
22.0,A3,139,89.521
22.0,A3,144,85.819
22.0,A3,149,82.981
22.0,A3,154,79.901
22.0,A3,159,77.017
22.0,A3,164,74.549
22.0,A4,4,368.444
22.0,A4,8,332.45
22.0,A4,12,300.902
22.0,A4,16,277.407
22.0,A4,20,258.716
22.0,A4,24,239.163
22.0,A4,28,216.321
22.0,A4,32,199.9
22.0,A4,36,185.24
22.0,A4,40,169.522
22.0,A4,44,156.917
22.0,A4,48,146.171
22.0,A4,52,134.605
22.0,A4,56,124.229
22.0,A4,60,117.741
22.0,A4,64,106.01
22.0,A4,68,97.238
22.0,A4,72,92.066
22.0,A4,76,84.746
22.0,A4,80,80.263
22.0,A4,84,75.428
22.0,A4,88,71.831
22.0,A4,92,65.891
22.0,A4,96,62.734
22.0,A4,100,58.561
22.0,A4,104,54.691
22.0,A4,108,53.078
22.0,A4,112,47.624
22.0,A4,116,46.623
22.0,A4,120,43.087
22.0,A4,124,40.788
22.0,A4,128,38.715
22.0,A4,132,35.936
22.0,A4,136,33.91
24.0,A3,4,406.444
24.0,A3,9,361.364
24.0,A3,14,322.015
24.0,A3,19,299.939
24.0,A3,24,279.073
24.0,A3,29,257.003
24.0,A3,34,237.959
24.0,A3,39,219.856
24.0,A3,44,204.707
24.0,A3,49,195.529
24.0,A3,54,180.667
24.0,A3,59,173.833
24.0,A3,64,163.47
24.0,A3,69,158.052
24.0,A3,74,148.079
24.0,A3,79,143.297
24.0,A3,84,138.005
24.0,A3,89,133.032
24.0,A3,94,126.899
24.0,A3,99,124.782
24.0,A3,104,119.552
24.0,A3,109,114.38
24.0,A3,114,110.96
24.0,A3,119,108.434
24.0,A3,124,102.496
24.0,A3,129,100.677
24.0,A3,134,96.123
24.0,A3,139,94.177
24.0,A3,144,90.654
24.0,A3,149,87.263
24.0,A3,154,84.534
24.0,A3,159,81.415
24.0,A3,164,78.639
24.0,A3,169,77.06
24.0,A3,174,73.341
24.0,A4,4,386.944
24.0,A4,8,346.881
24.0,A4,12,318.577
24.0,A4,16,293.426
24.0,A4,20,271.314
24.0,A4,24,249.143
24.0,A4,28,232.377
24.0,A4,32,215.293
24.0,A4,36,198.737
24.0,A4,40,185.626
24.0,A4,44,170.34
24.0,A4,48,159.449
24.0,A4,52,146.159
24.0,A4,56,139.491
24.0,A4,60,124.498
24.0,A4,64,118.144
24.0,A4,68,108.057
24.0,A4,72,100.351
24.0,A4,76,94.749
24.0,A4,80,88.365
24.0,A4,84,83.746
24.0,A4,88,78.075
24.0,A4,92,74.071
24.0,A4,96,69.422
24.0,A4,100,65.029
24.0,A4,104,62.246
24.0,A4,108,59.313
24.0,A4,112,55.19
24.0,A4,116,52.419
24.0,A4,120,50.072
24.0,A4,124,48.077
24.0,A4,128,45.862
24.0,A4,132,43.108
24.0,A4,136,40.677
24.0,A4,140,38.247
26.0,A3,4,413.939
26.0,A3,9,360.231
26.0,A3,14,328.139
26.0,A3,19,305.386
26.0,A3,24,281.078
26.0,A3,29,261.314
26.0,A3,34,244.063
26.0,A3,39,227.02
26.0,A3,44,210.188
26.0,A3,49,195.371
26.0,A3,54,187.992
26.0,A3,59,176.269
26.0,A3,64,168.965
26.0,A3,69,160.344
26.0,A3,74,153.749
26.0,A3,79,144.663
26.0,A3,84,141.818
26.0,A3,89,134.489
26.0,A3,94,130.529
26.0,A3,99,125.916
26.0,A3,104,120.09
26.0,A3,109,117.031
26.0,A3,114,112.724
26.0,A3,119,108.597
26.0,A3,124,105.944
26.0,A3,129,100.456
26.0,A3,134,99.044
26.0,A3,139,93.216
26.0,A3,144,93.255
26.0,A3,149,89.034
26.0,A3,154,85.201
26.0,A3,159,82.756
26.0,A3,164,79.796
26.0,A3,169,76.926
26.0,A3,174,75.387
26.0,A4,4,401.219
26.0,A4,8,360.855
26.0,A4,12,333.3
26.0,A4,16,309.203
26.0,A4,20,280.259
26.0,A4,24,261.182
26.0,A4,28,242.823
26.0,A4,32,224.421
26.0,A4,36,210.089
26.0,A4,40,192.442
26.0,A4,44,176.83
26.0,A4,48,162.562
26.0,A4,52,152.891
26.0,A4,56,137.345
26.0,A4,60,125.816
26.0,A4,64,119.294
26.0,A4,68,109.778
26.0,A4,72,100.725
26.0,A4,76,93.763
26.0,A4,80,89.678
26.0,A4,84,82.651
26.0,A4,88,77.112
26.0,A4,92,75.885
26.0,A4,96,70.821
26.0,A4,100,66.696
26.0,A4,104,62.152
26.0,A4,108,60.309
26.0,A4,112,57.087
26.0,A4,116,54.239
26.0,A4,120,51.145
26.0,A4,124,46.924
26.0,A4,128,46.148
26.0,A4,132,44.184
26.0,A4,136,41.697
26.0,A4,140,39.576
26.0,A4,144,37.155
26.0,A4,148,34.734
28.0,A3,4,412.653
28.0,A3,9,360.077
28.0,A3,14,326.069
28.0,A3,19,305.035
28.0,A3,24,282.831
28.0,A3,29,263.158
28.0,A3,34,241.51
28.0,A3,39,221.151
28.0,A3,44,208.581
28.0,A3,49,195.512
28.0,A3,54,182.899
28.0,A3,59,174.536
28.0,A3,64,164.63
28.0,A3,69,158.439
28.0,A3,74,150.585
28.0,A3,79,142.428
28.0,A3,84,138.159
28.0,A3,89,134.765
28.0,A3,94,128.005
28.0,A3,99,123.503
28.0,A3,104,117.312
28.0,A3,109,115.944
28.0,A3,114,110.527
28.0,A3,119,107.687
28.0,A3,124,103.154
28.0,A3,129,100.796
28.0,A3,134,97.576
28.0,A3,139,91.979
28.0,A3,144,91.005
28.0,A3,149,87.637
28.0,A3,154,84.685
28.0,A3,159,81.891
28.0,A3,164,78.668
28.0,A3,169,76.216
28.0,A3,174,72.487
28.0,A4,4,398.885
28.0,A4,8,359.186
28.0,A4,12,331.587
28.0,A4,16,306.653
28.0,A4,20,280.453
28.0,A4,24,258.013
28.0,A4,28,240.166
28.0,A4,32,218.799
28.0,A4,36,207.479
28.0,A4,40,191.629
28.0,A4,44,175.646
28.0,A4,48,161.684
28.0,A4,52,152.726
28.0,A4,56,137.459
28.0,A4,60,126.096
28.0,A4,64,117.38
28.0,A4,68,109.676
28.0,A4,72,102.412
28.0,A4,76,93.686
28.0,A4,80,88.421
28.0,A4,84,83.959
28.0,A4,88,79.959
28.0,A4,92,74.035
28.0,A4,96,69.239
28.0,A4,100,65.931
28.0,A4,104,63.584
28.0,A4,108,59.744
28.0,A4,112,56.407
28.0,A4,116,53.562
28.0,A4,120,50.477
28.0,A4,124,48.392
28.0,A4,128,46.184
28.0,A4,132,43.773
28.0,A4,136,41.726
28.0,A4,140,39.904
28.0,A4,144,37.381
28.0,A4,148,35.819
30.0,A3,4,424.716
30.0,A3,9,371.379
30.0,A3,14,338.548
30.0,A3,19,311.995
30.0,A3,24,286.946
30.0,A3,29,270.287
30.0,A3,34,247.968
30.0,A3,39,229.504
30.0,A3,44,216.025
30.0,A3,49,199.64
30.0,A3,54,189.321
30.0,A3,59,177.419
30.0,A3,64,170.666
30.0,A3,69,159.797
30.0,A3,74,154.187
30.0,A3,79,148.556
30.0,A3,84,141.469
30.0,A3,89,136.812
30.0,A3,94,133.017
30.0,A3,99,127.515
30.0,A3,104,124.385
30.0,A3,109,119.346
30.0,A3,114,116.205
30.0,A3,119,111.891
30.0,A3,124,109.05
30.0,A3,129,104.559
30.0,A3,134,100.947
30.0,A3,139,98.047
30.0,A3,144,94.259
30.0,A3,149,91.259
30.0,A3,154,88.926
30.0,A3,159,84.176
30.0,A3,164,82.184
30.0,A3,169,80.501
30.0,A3,174,76.762
30.0,A3,179,75.026
30.0,A4,4,406.996
30.0,A4,8,368.761
30.0,A4,12,336.939
30.0,A4,16,313.362
30.0,A4,20,286.927
30.0,A4,24,263.186
30.0,A4,28,243.225
30.0,A4,32,227.04
30.0,A4,36,209.219
30.0,A4,40,194.907
30.0,A4,44,178.205
30.0,A4,48,161.996
30.0,A4,52,151.119
30.0,A4,56,135.507
30.0,A4,60,129.785
30.0,A4,64,120.267
30.0,A4,68,110.996
30.0,A4,72,102.699
30.0,A4,76,94.267
30.0,A4,80,89.548
30.0,A4,84,85.473
30.0,A4,88,80.205
30.0,A4,92,75.653
30.0,A4,96,70.843
30.0,A4,100,67.207
30.0,A4,104,64.152
30.0,A4,108,60.012
30.0,A4,112,58.243
30.0,A4,116,55.148
30.0,A4,120,52.558
30.0,A4,124,49.915
30.0,A4,128,47.09
30.0,A4,132,45.578
30.0,A4,136,43.152
30.0,A4,140,40.193
30.0,A4,144,38.841
30.0,A4,148,36.742
32.0.0,A3,4,427.89
32.0.0,A3,9,373.415
32.0.0,A3,14,341.815
32.0.0,A3,19,315.215
32.0.0,A3,24,291.965
32.0.0,A3,29,272.45
32.0.0,A3,34,251.507
32.0.0,A3,39,235.542
32.0.0,A3,44,217.353
32.0.0,A3,49,202.097
32.0.0,A3,54,189.848
32.0.0,A3,59,179.643
32.0.0,A3,64,171.735
32.0.0,A3,69,162.907
32.0.0,A3,74,153.471
32.0.0,A3,79,148.626
32.0.0,A3,84,144.571
32.0.0,A3,89,140.528
32.0.0,A3,94,133.869
32.0.0,A3,99,129.736
32.0.0,A3,104,123.137
32.0.0,A3,109,119.9
32.0.0,A3,114,115.793
32.0.0,A3,119,112.536
32.0.0,A3,124,108.83
32.0.0,A3,129,102.514
32.0.0,A3,134,100.831
32.0.0,A3,139,97.037
32.0.0,A3,144,95.166
32.0.0,A3,149,90.761
32.0.0,A3,154,88.579
32.0.0,A3,159,86.067
32.0.0,A3,164,82.372
32.0.0,A3,169,79.706
32.0.0,A3,174,77.6
32.0.0,A3,179,75.618
32.0.0,A4,4,411.338
32.0.0,A4,8,372.48
32.0.0,A4,12,343.966
32.0.0,A4,16,314.948
32.0.0,A4,20,290.662
32.0.0,A4,24,270.876
32.0.0,A4,28,249.105
32.0.0,A4,32,230.294
32.0.0,A4,36,212.804
32.0.0,A4,40,196.93
32.0.0,A4,44,180.488
32.0.0,A4,48,165.439
32.0.0,A4,52,148.231
32.0.0,A4,56,140.49
32.0.0,A4,60,126.113
32.0.0,A4,64,113.696
32.0.0,A4,68,106.388
32.0.0,A4,72,101.857
32.0.0,A4,76,94.619
32.0.0,A4,80,85.736
32.0.0,A4,84,79.892
32.0.0,A4,88,77.084
32.0.0,A4,92,72.338
32.0.0,A4,96,68.059
32.0.0,A4,100,64.591
32.0.0,A4,104,61.809
32.0.0,A4,108,58.264
32.0.0,A4,112,54.867
32.0.0,A4,116,52.46
32.0.0,A4,120,49.994
32.0.0,A4,124,47.395
32.0.0,A4,128,45.577
32.0.0,A4,132,42.666
32.0.0,A4,136,41.007
32.0.0,A4,140,38.477
32.0.0,A4,144,37.047
32.0.0,A4,148,35.044
33.7.2,A3,4,422.482
33.7.2,A3,9,370.18
33.7.2,A3,14,333.835
33.7.2,A3,19,310.424
33.7.2,A3,24,286.074
33.7.2,A3,29,266.999
33.7.2,A3,34,249.298
33.7.2,A3,39,229.754
33.7.2,A3,44,214.289
33.7.2,A3,49,201.392
33.7.2,A3,54,190.207
33.7.2,A3,59,178.689
33.7.2,A3,64,170.278
33.7.2,A3,69,160.213
33.7.2,A3,74,153.885
33.7.2,A3,79,147.045
33.7.2,A3,84,141.77
33.7.2,A3,89,136.069
33.7.2,A3,94,129.803
33.7.2,A3,99,125.321
33.7.2,A3,104,120.693
33.7.2,A3,109,117.253
33.7.2,A3,114,113.089
33.7.2,A3,119,108.795
33.7.2,A3,124,103.516
33.7.2,A3,129,100.64
33.7.2,A3,134,97.977
33.7.2,A3,139,94.932
33.7.2,A3,144,91.795
33.7.2,A3,149,88.353
33.7.2,A3,154,85.364
33.7.2,A3,159,82.623
33.7.2,A3,164,80.474
33.7.2,A3,169,77.802
33.7.2,A3,174,74.941
33.7.2,A3,179,71.355
33.7.2,A4,4,407.153
33.7.2,A4,8,374.324
33.7.2,A4,12,341.498
33.7.2,A4,16,317.901
33.7.2,A4,20,290.024
33.7.2,A4,24,268.703
33.7.2,A4,28,251.639
33.7.2,A4,32,228.588
33.7.2,A4,36,211.143
33.7.2,A4,40,193.203
33.7.2,A4,44,179.533
33.7.2,A4,48,162.919
33.7.2,A4,52,150.114
33.7.2,A4,56,136.484
33.7.2,A4,60,127.8
33.7.2,A4,64,116.927
33.7.2,A4,68,106.064
33.7.2,A4,72,101.424
33.7.2,A4,76,94.176
33.7.2,A4,80,89.397
33.7.2,A4,84,80.718
33.7.2,A4,88,78.189
33.7.2,A4,92,74.107
33.7.2,A4,96,68.71
33.7.2,A4,100,66.001
33.7.2,A4,104,61.345
33.7.2,A4,108,59.308
33.7.2,A4,112,56.406
33.7.2,A4,116,52.887
33.7.2,A4,120,50.302
33.7.2,A4,124,48.672
33.7.2,A4,128,45.314
33.7.2,A4,132,43.327
33.7.2,A4,136,41.204
33.7.2,A4,140,39.066
33.7.2,A4,144,38.048
33.7.2,A4,148,35.75
