version,arch,classes,edges,clusters,singletons,max_cluster,mean_cluster,cohesion,coupling,mq
10.0,A1,302,1289,41,0,29,7.366,0.25856,0.007866,0.25069
10.0,A2,265,814,37,0,25,7.162,0.24322,0.00487,0.23835
10.0,A3,302,1289,52,0,13,5.808,0.1937,0.008175,0.18553
10.0,A4,265,814,42,0,16,6.31,0.21095,0.004799,0.20615
10.0,PKG,302,1289,8,0,179,37.75,0.09886,0.006489,0.09237
10.0,PKG_nonoise,265,814,8,0,154,33.125,0.10291,0.005041,0.09787
12.0,A1,354,1597,51,0,27,6.941,0.26278,0.010428,0.25235
12.0,A2,329,1251,51,0,25,6.451,0.26752,0.009207,0.25832
12.0,A3,354,1597,52,0,17,6.808,0.1823,0.0064,0.1759
12.0,A4,329,1251,46,0,19,7.152,0.19983,0.004422,0.19541
12.0,PKG,354,1597,11,0,188,32.182,0.12586,0.005101,0.12076
12.0,PKG_nonoise,329,1251,11,0,176,29.909,0.13742,0.003557,0.13386
14.0,A1,390,1945,70,1,48,5.571,0.26128,0.006837,0.25445
14.0,A2,329,1306,63,0,36,5.222,0.2568,0.006144,0.25065
14.0,A3,390,1945,52,0,23,7.5,0.18108,0.006546,0.17454
14.0,A4,329,1306,49,0,15,6.714,0.19292,0.006671,0.18624
14.0,PKG,390,1945,11,0,196,35.455,0.11764,0.005511,0.11213
14.0,PKG_nonoise,329,1306,10,0,194,32.9,0.1289,0.002108,0.1268
16.0,A1,425,2121,72,1,44,5.903,0.26699,0.007062,0.25993
16.0,A2,351,1215,62,0,28,5.661,0.2598,0.005761,0.25404
16.0,A3,425,2121,60,0,33,7.083,0.18714,0.008018,0.17912
16.0,A4,351,1215,46,0,15,7.63,0.18534,0.004131,0.18121
16.0,PKG,425,2121,15,2,206,28.333,0.11557,0.005385,0.11018
16.0,PKG_nonoise,351,1215,14,2,199,25.071,0.13112,0.003798,0.12733
18.0,A1,429,2112,74,1,48,5.797,0.26857,0.006644,0.26192
18.0,A2,355,1296,62,0,38,5.726,0.25798,0.005292,0.25269
18.0,A3,429,2112,52,0,28,8.25,0.1775,0.006375,0.17112
18.0,A4,355,1296,40,0,20,8.875,0.18115,0.004606,0.17654
18.0,PKG,429,2112,15,2,206,28.6,0.11332,0.005328,0.10799
18.0,PKG_nonoise,355,1296,14,2,203,25.357,0.12878,0.003838,0.12494
20.0,A1,491,2453,80,1,49,6.138,0.25937,0.006661,0.2527
20.0,A2,407,1417,66,0,38,6.167,0.25335,0.004326,0.24903
20.0,A3,491,2453,52,0,35,9.442,0.17455,0.005403,0.16915
20.0,A4,407,1417,48,0,17,8.479,0.17787,0.003351,0.17452
20.0,PKG,491,2453,16,2,200,30.688,0.10404,0.004754,0.09928
20.0,PKG_nonoise,407,1417,15,2,192,27.133,0.11818,0.003523,0.11466
22.0,A1,506,2534,79,1,49,6.405,0.25664,0.005882,0.25076
22.0,A2,418,1436,67,0,43,6.239,0.24687,0.003917,0.24296
22.0,A3,506,2534,74,0,26,6.838,0.17406,0.007747,0.16631
22.0,A4,418,1436,56,0,16,7.464,0.18739,0.004086,0.1833
22.0,PKG,506,2534,16,2,206,31.625,0.10383,0.00468,0.09915
22.0,PKG_nonoise,418,1436,15,2,198,27.867,0.11726,0.003399,0.11386
24.0,A1,527,2633,88,2,52,5.989,0.25565,0.006276,0.24937
24.0,A2,439,1512,76,1,50,5.776,0.24802,0.003857,0.24416
24.0,A3,527,2633,74,1,32,7.122,0.16721,0.006396,0.16081
24.0,A4,439,1512,52,0,17,8.442,0.17173,0.003231,0.1685
24.0,PKG,527,2633,16,2,209,32.938,0.10049,0.004808,0.09568
24.0,PKG_nonoise,439,1512,15,2,201,29.267,0.1139,0.003564,0.11034
26.0,A1,535,2686,89,2,52,6.011,0.25112,0.005494,0.24562
26.0,A2,447,1538,79,1,50,5.658,0.24523,0.003787,0.24144
26.0,A3,535,2686,59,1,43,9.068,0.16072,0.004833,0.15588
26.0,A4,447,1538,64,0,18,6.984,0.19028,0.00386,0.18642
26.0,PKG,535,2686,16,2,215,33.438,0.10047,0.004815,0.09565
26.0,PKG_nonoise,447,1538,15,2,207,29.8,0.11379,0.003581,0.11021
28.0,A1,533,2699,90,2,52,5.922,0.25412,0.005526,0.2486
28.0,A2,445,1558,81,1,44,5.494,0.24424,0.003848,0.24039
28.0,A3,533,2699,54,0,40,9.87,0.1572,0.004982,0.15222
28.0,A4,445,1558,60,0,16,7.417,0.19335,0.003634,0.18971
28.0,PKG,533,2699,16,2,214,33.312,0.10107,0.004817,0.09626
28.0,PKG_nonoise,445,1558,15,2,206,29.667,0.11449,0.003582,0.11091
30.0,A1,547,2769,96,3,48,5.698,0.24824,0.005396,0.24285
30.0,A2,449,1458,87,2,32,5.161,0.23993,0.003535,0.23639
30.0,A3,547,2769,69,0,32,7.928,0.176,0.005811,0.17019
30.0,A4,449,1458,52,0,24,8.635,0.16967,0.003027,0.16665
30.0,PKG,547,2769,16,2,215,34.188,0.09943,0.004735,0.09469
30.0,PKG_nonoise,449,1458,14,2,203,32.071,0.10144,0.003869,0.09757
32.0.0,A1,553,2821,95,3,50,5.821,0.25353,0.005597,0.24794
32.0.0,A2,470,1795,86,1,40,5.465,0.24916,0.004256,0.2449
32.0.0,A3,553,2821,59,0,39,9.373,0.17483,0.005727,0.1691
32.0.0,A4,470,1795,56,0,19,8.393,0.1763,0.003599,0.1727
32.0.0,PKG,553,2821,16,2,217,34.562,0.09975,0.004729,0.09502
32.0.0,PKG_nonoise,470,1795,15,2,212,31.333,0.11244,0.00348,0.10896
33.7.0,A1,549,2750,90,1,47,6.1,0.25423,0.004754,0.24947
33.7.0,A2,458,1622,84,1,48,5.452,0.24606,0.003752,0.24231
33.7.0,A3,549,2750,69,0,40,7.957,0.17635,0.009588,0.16676
33.7.0,A4,458,1622,64,0,16,7.156,0.1879,0.003558,0.18434
33.7.0,PKG,549,2750,17,3,209,32.294,0.08848,0.004248,0.08423
33.7.0,PKG_nonoise,458,1622,15,3,202,30.533,0.08872,0.003848,0.08488
