version,A1_vs_PKG,A2_vs_PKG,A3_vs_PKG,A4_vs_PKG,A2_vs_PKG_linked,A4_vs_PKG_linked,AI_vs_PKG,A1_vs_AI,A1_vs_AI_classes,A2_vs_AI,A2_vs_AI_classes,A3_vs_AI,A3_vs_AI_classes,A4_vs_AI,A4_vs_AI_classes,PKG_vs_AI,PKG_vs_AI_classes
10.0,72.45,60.94,74.15,75.11,72.45,79.08,,,,,,,,,,,
12.0,72.59,58.82,77.26,69.49,70.04,74.01,,,,,,,,,,,
14.0,71.24,59.02,76.52,75.08,70.59,78.43,,,,,,,,,,,
16.0,72.02,58.13,71.78,73.49,70.44,76.64,,,,,,,,,,,
18.0,70.84,59.16,73.01,72.67,70.36,75.36,,,,,,,,,,,
20.0,71.64,61.66,75.21,73.58,70.96,76.35,,,,,,,,,,,
22.0,70.26,60.45,73.32,72.8,70.38,76.83,,,,,,,,,,,
24.0,68.95,61.0,71.68,73.21,69.67,74.86,,,,,,,,,,,
26.0,69.42,61.15,72.12,75.86,69.63,76.96,,,,,,,,,,,
28.0,69.11,60.83,74.52,76.04,69.11,77.49,,,,,,,,,,,
30.0,71.05,59.59,73.5,75.11,67.97,77.08,,,,,,,,,,,
32.0.0,71.0,60.5,73.61,73.59,69.07,76.55,,,,,,,,,,,
33.7.2,70.79,62.22,73.6,72.62,70.51,75.9,94.38,64.86,549,60.72,457,67.48,549,67.27,457,70.47,549
