from,to,A1,A1_common_classes,A2,A2_common_classes,A3,A3_common_classes,A4,A4_common_classes
10.0,12.0,81.82,293,82.61,221,73.76,293,71.63,221
12.0,14.0,74.12,331,84.43,257,69.72,331,61.54,257
14.0,16.0,85.04,376,89.68,293,69.72,376,63.67,293
16.0,18.0,94.57,421,93.58,340,66.34,421,71.3,340
18.0,20.0,85.1,413,89.54,319,63.48,413,66.34,319
20.0,22.0,88.22,486,90.59,387,72.53,486,71.43,387
22.0,24.0,92.32,502,92.78,405,72.28,502,69.31,405
24.0,26.0,97.44,527,96.11,429,71.09,527,72.05,429
26.0,28.0,95.11,531,96.96,446,76.61,531,73.95,446
28.0,30.0,94.69,528,91.08,433,78.74,528,66.83,433
30.0,32.0.0,96.2,546,95.58,447,69.75,546,77.67,447
32.0.0,33.7.2,89.88,534,93.13,438,74.37,534,77.01,438
