version,noise,mean_fanin_noise,mean_fanin_other,top30_fanin_flagged,top30_fanin_missed,noise_top_packages
10.0,24,17.75,3.1,12,Multiset Objects Maps Multimap Sets ImmutableCollection ListenableFuture Multisets Collections2 Supplier BoundType Serialization BstNode ImmutableSortedSet Ints Equivalence SetMultimap ForwardingSet,common.collect:21 common.base:3
12.0,15,20.33,3.81,5,UnmodifiableIterator Ordering ImmutableList Function Objects Iterators ImmutableMap Maps ImmutableSet Lists Sets Multimap Iterables ListenableFuture ImmutableCollection Collections2 ImmutableSortedSet BoundType Supplier Serialization Predicate HashCode ObjectArrays Equivalence Table,common.collect:12 common.base:2 common.primitives:1
14.0,48,12.04,4.0,7,ImmutableList UnmodifiableIterator ImmutableSet Ordering Iterators Multiset Lists Sets ImmutableCollection Iterables Multimap ListenableFuture ImmutableSortedSet Multisets Collections2 BoundType ObjectArrays HashCode Ints Serialization Range AbstractIterator Hasher,common.base:31 common.cache:14 common.collect:2 common.util:1
16.0,58,14.24,3.53,11,Ordering ImmutableSet Multiset Sets Lists Multimap Iterables CollectPreconditions ImmutableCollection ImmutableSortedSet Collections2 Multisets BoundType HashCode SetMultimap Ints Hasher AbstractIterator Serialization,common.base:33 common.cache:16 common.collect:6 common.util:3
18.0,58,12.71,3.71,10,UnmodifiableIterator Ordering Iterators ImmutableSet Multiset Sets Lists Multimap CollectPreconditions ImmutableCollection Iterables ImmutableSortedSet Multisets Collections2 BoundType HashCode SetMultimap Hasher Ints AbstractIterator,common.base:36 common.cache:15 common.util:4 common.collect:3
20.0,68,13.9,3.57,13,Iterators Ordering Multiset Sets Iterables CollectPreconditions ImmutableCollection Lists Multimap HashCode BoundType Ints Multisets Collections2 AbstractIterator Hasher ImmutableSortedSet,common.base:41 common.cache:16 common.collect:7 common.util:4
22.0,73,13.74,3.54,13,Iterators Ordering Multiset Iterables CollectPreconditions Sets ImmutableCollection Lists Multimap Ints CollectSpliterators HashCode Multisets BoundType AbstractIterator Collections2 Hasher,common.base:41 common.cache:17 common.util:8 common.collect:7
24.0,75,13.61,3.57,13,Iterators Ordering Multiset CollectPreconditions Iterables Sets ImmutableCollection Multimap Lists Ints CollectSpliterators HashCode Multisets BoundType AbstractIterator Hasher Collections2,common.base:42 common.cache:18 common.util:8 common.collect:7
26.0,75,13.95,3.57,13,Iterators Ordering Multiset CollectPreconditions Iterables ImmutableCollection Sets Multimap Lists Ints CollectSpliterators Multisets HashCode BoundType AbstractIterator Hasher Collections2,common.base:42 common.cache:18 common.util:8 common.collect:7
28.0,75,13.83,3.63,13,Iterators Ordering Multiset CollectPreconditions Iterables ImmutableCollection Sets Multimap Lists Ints EndpointPair CollectSpliterators Multisets HashCode BoundType AbstractIterator Hasher,common.base:42 common.cache:18 common.util:8 common.collect:7
30.0,82,14.41,3.41,16,Ordering Multiset CollectPreconditions ImmutableCollection Iterables Lists Multimap EndpointPair CollectSpliterators ElementOrder Multisets HashCode BoundType AbstractIterator,common.base:42 common.cache:21 common.collect:9 common.util:8 common.math:1 common.primitives:1
32.0.0,68,13.65,3.9,11,UnmodifiableIterator Iterators ImmutableSet Ordering Multiset ImmutableCollection Iterables CollectPreconditions Sets Multimap Lists Ints EndpointPair CollectSpliterators ElementOrder HashCode Multisets BoundType AbstractIterator,common.base:43 common.cache:16 common.util:4 common.collect:4 common.math:1
33.7.0,77,13.26,3.66,11,Iterators Ordering Multiset CollectPreconditions ImmutableCollection Iterables Sets Multimap EndpointPair Ints ElementOrder Lists CollectSpliterators HashCode Multisets BoundType AbstractIterator Hasher SetMultimap,common.base:43 common.cache:18 common.util:8 common.collect:7 common.math:1
