version,class,sig
10.0,com.google.common.base.Preconditions,1.0
10.0,com.google.common.base.Function,0.434
10.0,com.google.common.collect.Iterators,0.348
10.0,com.google.common.collect.UnmodifiableIterator,0.338
10.0,com.google.common.collect.Multiset,0.301
10.0,com.google.common.collect.Maps,0.271
10.0,com.google.common.collect.Multimap,0.271
10.0,com.google.common.base.Objects,0.271
10.0,com.google.common.collect.ImmutableList,0.259
10.0,com.google.common.base.Predicate,0.249
10.0,com.google.common.base.Supplier,0.241
10.0,com.google.common.collect.Sets,0.24
10.0,com.google.common.collect.Lists,0.231
10.0,com.google.common.collect.ImmutableSet,0.228
10.0,com.google.common.collect.Multisets,0.212
10.0,com.google.common.collect.Ordering,0.205
10.0,com.google.common.collect.CustomConcurrentHashMap,0.203
10.0,com.google.common.collect.ImmutableMap,0.203
10.0,com.google.common.base.Equivalence,0.191
10.0,com.google.common.collect.ImmutableCollection,0.184
10.0,com.google.common.collect.Serialization,0.178
10.0,com.google.common.collect.ForwardingSet,0.171
10.0,com.google.common.collect.Iterables,0.169
10.0,com.google.common.primitives.Ints,0.169
10.0,com.google.common.collect.ForwardingObject,0.163
10.0,com.google.common.collect.ForwardingCollection,0.159
10.0,com.google.common.collect.ForwardingMap,0.158
10.0,com.google.common.collect.Collections2,0.154
10.0,com.google.common.collect.ImmutableMultiset,0.152
10.0,com.google.common.collect.AbstractMultimap,0.152
10.0,com.google.common.cache.CustomConcurrentHashMap,0.151
10.0,com.google.common.collect.SetMultimap,0.147
10.0,com.google.common.collect.ImmutableSortedSet,0.146
10.0,com.google.common.collect.ObjectArrays,0.145
10.0,com.google.common.collect.AbstractMapEntry,0.144
10.0,com.google.common.collect.AbstractMapBasedMultiset,0.139
10.0,com.google.common.collect.AbstractMultiset,0.138
10.0,com.google.common.collect.BiMap,0.137
10.0,com.google.common.collect.ListMultimap,0.136
10.0,com.google.common.collect.AbstractIndexedListIterator,0.134
10.0,com.google.common.base.Equivalences,0.134
10.0,com.google.common.collect.Synchronized,0.131
10.0,com.google.common.collect.MapMaker,0.13
10.0,com.google.common.collect.ForwardingIterator,0.126
10.0,com.google.common.base.Joiner,0.124
10.0,com.google.common.collect.ImmutableEntry,0.123
10.0,com.google.common.collect.ForwardingMultiset,0.123
10.0,com.google.common.base.Predicates,0.117
10.0,com.google.common.collect.SortedSetMultimap,0.117
10.0,com.google.common.collect.ImmutableSortedMap,0.116
10.0,com.google.common.base.Ticker,0.115
10.0,com.google.common.collect.ForwardingMapEntry,0.114
10.0,com.google.common.collect.SortedLists,0.113
10.0,com.google.common.collect.Count,0.112
10.0,com.google.common.collect.LinkedHashMultiset,0.112
10.0,com.google.common.collect.AbstractLinkedIterator,0.112
10.0,com.google.common.collect.ImmutableMultimap,0.11
10.0,com.google.common.collect.SortedIterable,0.109
10.0,com.google.common.collect.AbstractIterator,0.106
10.0,com.google.common.collect.RegularImmutableMap,0.106
10.0,com.google.common.collect.MapDifference,0.102
12.0,com.google.common.base.Preconditions,1.0
12.0,com.google.common.base.Function,0.407
12.0,com.google.common.collect.Maps,0.326
12.0,com.google.common.collect.ImmutableList,0.302
12.0,com.google.common.collect.Iterators,0.297
12.0,com.google.common.collect.UnmodifiableIterator,0.287
12.0,com.google.common.collect.Multiset,0.283
12.0,com.google.common.base.Predicate,0.276
12.0,com.google.common.collect.ImmutableMap,0.267
12.0,com.google.common.base.Objects,0.266
12.0,com.google.common.collect.Multimap,0.257
12.0,com.google.common.collect.ImmutableSet,0.252
12.0,com.google.common.collect.Sets,0.239
12.0,com.google.common.collect.Ordering,0.233
12.0,com.google.common.collect.Lists,0.232
12.0,com.google.common.base.Supplier,0.206
12.0,com.google.common.collect.Multisets,0.193
12.0,com.google.common.collect.Iterables,0.192
12.0,com.google.common.collect.ImmutableCollection,0.177
12.0,com.google.common.collect.MapMakerInternalMap,0.172
12.0,com.google.common.collect.BoundType,0.168
12.0,com.google.common.primitives.Ints,0.162
12.0,com.google.common.collect.Serialization,0.157
12.0,com.google.common.base.Equivalence,0.155
12.0,com.google.common.collect.Collections2,0.152
12.0,com.google.common.collect.ForwardingObject,0.152
12.0,com.google.common.collect.ImmutableMultiset,0.151
12.0,com.google.common.collect.ForwardingSet,0.148
12.0,com.google.common.collect.ImmutableSortedSet,0.146
12.0,com.google.common.collect.SortedMultiset,0.143
12.0,com.google.common.collect.AbstractMultiset,0.141
12.0,com.google.common.collect.ForwardingCollection,0.141
12.0,com.google.common.collect.ForwardingMap,0.139
12.0,com.google.common.collect.AbstractMapEntry,0.135
12.0,com.google.common.collect.SetMultimap,0.134
12.0,com.google.common.collect.TransformedIterator,0.133
12.0,com.google.common.collect.BstNode,0.131
12.0,com.google.common.base.Joiner,0.128
12.0,com.google.common.collect.AbstractMultimap,0.128
12.0,com.google.common.collect.AbstractSequentialIterator,0.125
12.0,com.google.common.collect.ObjectArrays,0.124
12.0,com.google.common.collect.FluentIterable,0.119
12.0,com.google.common.collect.ListMultimap,0.119
12.0,com.google.common.collect.ImmutableEntry,0.117
12.0,com.google.common.util.concurrent.ListenableFuture,0.117
12.0,com.google.common.collect.BstSide,0.116
12.0,com.google.common.collect.ForwardingMultiset,0.115
12.0,com.google.common.collect.TreeMultiset,0.114
12.0,com.google.common.collect.DiscreteDomain,0.11
12.0,com.google.common.collect.BiMap,0.109
12.0,com.google.common.base.Optional,0.109
12.0,com.google.common.cache.LocalCache,0.108
12.0,com.google.common.base.Predicates,0.106
12.0,com.google.common.collect.AbstractMapBasedMultiset,0.105
12.0,com.google.common.collect.AbstractIterator,0.105
12.0,com.google.common.collect.ForwardingIterator,0.104
12.0,com.google.common.collect.SortedIterable,0.104
12.0,com.google.common.collect.Synchronized,0.104
12.0,com.google.common.base.Ticker,0.103
12.0,com.google.common.collect.MapMaker,0.103
12.0,com.google.common.collect.BstNodeFactory,0.103
12.0,com.google.common.math.IntMath,0.101
12.0,com.google.common.collect.LinkedHashMultiset,0.101
12.0,com.google.common.collect.BstBalancePolicy,0.1
12.0,com.google.common.collect.SortedLists,0.1
12.0,com.google.common.collect.AbstractIndexedListIterator,0.098
12.0,com.google.common.collect.SortedSetMultimap,0.097
12.0,com.google.common.base.CharMatcher,0.096
12.0,com.google.common.collect.BstAggregate,0.096
12.0,com.google.common.base.Equivalences,0.096
12.0,com.google.common.collect.Range,0.096
14.0,com.google.common.base.Preconditions,1.0
14.0,com.google.common.collect.Maps,0.391
14.0,com.google.common.base.Function,0.368
14.0,com.google.common.collect.ImmutableList,0.355
14.0,com.google.common.collect.Iterators,0.303
14.0,com.google.common.collect.UnmodifiableIterator,0.288
14.0,com.google.common.collect.ImmutableMap,0.274
14.0,com.google.common.collect.ImmutableSet,0.273
14.0,com.google.common.base.Objects,0.271
14.0,com.google.common.collect.Multiset,0.252
14.0,com.google.common.base.Predicate,0.252
14.0,com.google.common.collect.Multimap,0.235
14.0,com.google.common.collect.Lists,0.232
14.0,com.google.common.collect.Ordering,0.223
14.0,com.google.common.collect.Sets,0.221
14.0,com.google.common.base.Supplier,0.216
14.0,com.google.common.collect.ImmutableCollection,0.2
14.0,com.google.common.collect.Iterables,0.181
14.0,com.google.common.collect.Multisets,0.166
14.0,com.google.common.primitives.Ints,0.154
14.0,com.google.common.collect.AbstractIterator,0.153
14.0,com.google.common.collect.BoundType,0.147
14.0,com.google.common.collect.ImmutableSortedSet,0.144
14.0,com.google.common.collect.SetMultimap,0.142
14.0,com.google.common.collect.MapMakerInternalMap,0.142
14.0,com.google.common.collect.ImmutableMultiset,0.134
14.0,com.google.common.collect.Serialization,0.133
14.0,com.google.common.collect.AbstractMultiset,0.132
14.0,com.google.common.collect.AbstractMapEntry,0.132
14.0,com.google.common.collect.Collections2,0.13
14.0,com.google.common.collect.ForwardingObject,0.129
14.0,com.google.common.base.Equivalence,0.128
14.0,com.google.common.collect.AbstractMapBasedMultimap,0.128
14.0,com.google.common.collect.Range,0.127
14.0,com.google.common.util.concurrent.ListenableFuture,0.124
14.0,com.google.common.base.Predicates,0.119
14.0,com.google.common.base.Throwables,0.118
14.0,com.google.common.collect.ForwardingCollection,0.116
14.0,com.google.common.collect.SortedMultiset,0.116
14.0,com.google.common.collect.TransformedIterator,0.115
14.0,com.google.common.base.CharMatcher,0.114
14.0,com.google.common.collect.FluentIterable,0.113
14.0,com.google.common.collect.ForwardingMap,0.113
14.0,com.google.common.collect.ForwardingSet,0.112
14.0,com.google.common.collect.Synchronized,0.11
14.0,com.google.common.collect.ListMultimap,0.11
14.0,com.google.common.collect.ObjectArrays,0.109
14.0,com.google.common.collect.BiMap,0.109
14.0,com.google.common.collect.ImmutableMultimap,0.103
14.0,com.google.common.math.IntMath,0.102
14.0,com.google.common.base.Joiner,0.101
14.0,com.google.common.collect.ImmutableEntry,0.101
14.0,com.google.common.base.Ticker,0.1
14.0,com.google.common.collect.AbstractMultimap,0.099
14.0,com.google.common.collect.RegularImmutableSortedSet,0.099
14.0,com.google.common.base.Ascii,0.099
14.0,com.google.common.base.Optional,0.098
14.0,com.google.common.collect.SortedLists,0.098
14.0,com.google.common.collect.ForwardingIterator,0.095
14.0,com.google.common.collect.ForwardingMultiset,0.095
14.0,com.google.common.collect.Multimaps,0.093
14.0,com.google.common.collect.MapMaker,0.092
14.0,com.google.common.collect.ImmutableListMultimap,0.092
14.0,com.google.common.collect.ImmutableAsList,0.091
14.0,com.google.common.collect.SortedIterable,0.091
14.0,com.google.common.collect.SortedSetMultimap,0.091
14.0,com.google.common.collect.ImmutableMapEntrySet,0.091
14.0,com.google.common.cache.LocalCache,0.09
14.0,com.google.common.collect.Table,0.088
14.0,com.google.common.collect.AbstractSequentialIterator,0.085
14.0,com.google.common.collect.AbstractMapBasedMultiset,0.084
14.0,com.google.common.collect.RegularImmutableMultiset,0.084
14.0,com.google.common.collect.LinkedHashMultiset,0.084
14.0,com.google.common.collect.UnmodifiableSortedMultiset,0.083
16.0,com.google.common.base.Preconditions,1.0
16.0,com.google.common.collect.Maps,0.397
16.0,com.google.common.base.Function,0.379
16.0,com.google.common.collect.ImmutableList,0.327
16.0,com.google.common.collect.Iterators,0.296
16.0,com.google.common.base.Supplier,0.285
16.0,com.google.common.base.Objects,0.282
16.0,com.google.common.collect.ImmutableMap,0.268
16.0,com.google.common.collect.UnmodifiableIterator,0.265
16.0,com.google.common.base.Predicate,0.258
16.0,com.google.common.collect.Multiset,0.25
16.0,com.google.common.collect.ImmutableSet,0.248
16.0,com.google.common.collect.Multimap,0.244
16.0,com.google.common.collect.Sets,0.241
16.0,com.google.common.collect.Ordering,0.223
16.0,com.google.common.collect.Lists,0.215
16.0,com.google.common.collect.CollectPreconditions,0.208
16.0,com.google.common.collect.Iterables,0.188
16.0,com.google.common.collect.ImmutableCollection,0.182
16.0,com.google.common.collect.AbstractIterator,0.161
16.0,com.google.common.collect.SetMultimap,0.159
16.0,com.google.common.collect.ImmutableSortedSet,0.147
16.0,com.google.common.primitives.Ints,0.147
16.0,com.google.common.collect.Multisets,0.146
16.0,com.google.common.base.Predicates,0.141
16.0,com.google.common.collect.MapMakerInternalMap,0.137
16.0,com.google.common.collect.BoundType,0.136
16.0,com.google.common.collect.AbstractMapBasedMultimap,0.134
16.0,com.google.common.collect.Collections2,0.132
16.0,com.google.common.collect.FluentIterable,0.131
16.0,com.google.common.collect.Serialization,0.13
16.0,com.google.common.util.concurrent.ListenableFuture,0.128
16.0,com.google.common.collect.ForwardingObject,0.126
16.0,com.google.common.collect.ForwardingCollection,0.124
16.0,com.google.common.base.Equivalence,0.124
16.0,com.google.common.base.Throwables,0.121
16.0,com.google.common.collect.ListMultimap,0.119
16.0,com.google.common.collect.AbstractMultiset,0.119
16.0,com.google.common.collect.Range,0.118
16.0,com.google.common.collect.ImmutableMultiset,0.116
16.0,com.google.common.collect.SortedMultiset,0.114
16.0,com.google.common.base.CharMatcher,0.112
16.0,com.google.common.collect.ImmutableMultimap,0.111
16.0,com.google.common.base.Optional,0.11
16.0,com.google.common.collect.Multimaps,0.107
16.0,com.google.common.collect.AbstractMultimap,0.106
16.0,com.google.common.collect.Synchronized,0.106
16.0,com.google.common.collect.ForwardingSet,0.106
16.0,com.google.common.collect.ForwardingMap,0.105
16.0,com.google.common.base.Ticker,0.101
16.0,com.google.common.collect.BiMap,0.101
16.0,com.google.common.collect.SortedSetMultimap,0.101
16.0,com.google.common.base.Converter,0.101
16.0,com.google.common.base.Joiner,0.101
16.0,com.google.common.math.IntMath,0.1
16.0,com.google.common.base.Ascii,0.097
16.0,com.google.common.collect.FilteredEntryMultimap,0.097
16.0,com.google.common.collect.ImmutableSetMultimap,0.096
16.0,com.google.common.collect.RegularImmutableSortedSet,0.095
16.0,com.google.common.collect.SortedLists,0.095
16.0,com.google.common.collect.TransformedIterator,0.095
16.0,com.google.common.collect.ImmutableListMultimap,0.094
16.0,com.google.common.collect.MapMaker,0.093
16.0,com.google.common.collect.PeekingIterator,0.092
16.0,com.google.common.collect.ObjectArrays,0.091
16.0,com.google.common.collect.FilteredMultimap,0.091
16.0,com.google.common.collect.AbstractMapEntry,0.09
16.0,com.google.common.collect.AbstractSetMultimap,0.09
16.0,com.google.common.collect.SortedIterable,0.09
16.0,com.google.common.collect.ForwardingMultimap,0.089
16.0,com.google.common.collect.FilteredKeyMultimap,0.086
16.0,com.google.common.cache.LocalCache,0.086
16.0,com.google.common.collect.ForwardingMultiset,0.085
16.0,com.google.common.collect.FilteredSetMultimap,0.083
16.0,com.google.common.collect.ImmutableMapEntrySet,0.083
16.0,com.google.common.collect.AbstractSequentialIterator,0.082
16.0,com.google.common.collect.ForwardingList,0.082
16.0,com.google.common.collect.AbstractMapBasedMultiset,0.081
16.0,com.google.common.collect.ForwardingMapEntry,0.08
18.0,com.google.common.base.Preconditions,1.0
18.0,com.google.common.collect.Maps,0.393
18.0,com.google.common.base.Function,0.352
18.0,com.google.common.collect.ImmutableList,0.325
18.0,com.google.common.collect.Iterators,0.284
18.0,com.google.common.base.Supplier,0.28
18.0,com.google.common.collect.ImmutableMap,0.265
18.0,com.google.common.collect.UnmodifiableIterator,0.26
18.0,com.google.common.base.Predicate,0.256
18.0,com.google.common.collect.Multiset,0.25
18.0,com.google.common.collect.ImmutableSet,0.249
18.0,com.google.common.collect.Multimap,0.241
18.0,com.google.common.collect.Sets,0.233
18.0,com.google.common.base.Objects,0.223
18.0,com.google.common.collect.Ordering,0.221
18.0,com.google.common.collect.Lists,0.212
18.0,com.google.common.collect.CollectPreconditions,0.207
18.0,com.google.common.collect.ImmutableCollection,0.174
18.0,com.google.common.collect.Iterables,0.174
18.0,com.google.common.collect.AbstractIterator,0.159
18.0,com.google.common.collect.SetMultimap,0.156
18.0,com.google.common.collect.Multisets,0.15
18.0,com.google.common.base.MoreObjects,0.148
18.0,com.google.common.collect.ImmutableSortedSet,0.144
18.0,com.google.common.base.Predicates,0.143
18.0,com.google.common.primitives.Ints,0.143
18.0,com.google.common.collect.BoundType,0.137
18.0,com.google.common.collect.Collections2,0.135
18.0,com.google.common.collect.MapMakerInternalMap,0.134
18.0,com.google.common.collect.Serialization,0.133
18.0,com.google.common.collect.AbstractMapBasedMultimap,0.131
18.0,com.google.common.collect.FluentIterable,0.131
18.0,com.google.common.collect.ForwardingObject,0.129
18.0,com.google.common.util.concurrent.ListenableFuture,0.129
18.0,com.google.common.collect.AbstractMultiset,0.123
18.0,com.google.common.collect.ForwardingCollection,0.122
18.0,com.google.common.base.Equivalence,0.121
18.0,com.google.common.base.Throwables,0.118
18.0,com.google.common.collect.ListMultimap,0.117
18.0,com.google.common.collect.SortedMultiset,0.117
18.0,com.google.common.collect.Range,0.116
18.0,com.google.common.collect.ImmutableMultiset,0.115
18.0,com.google.common.base.CharMatcher,0.112
18.0,com.google.common.collect.ImmutableMultimap,0.108
18.0,com.google.common.base.Optional,0.108
18.0,com.google.common.collect.Synchronized,0.106
18.0,com.google.common.base.Joiner,0.106
18.0,com.google.common.collect.Multimaps,0.105
18.0,com.google.common.collect.ForwardingSet,0.105
18.0,com.google.common.collect.AbstractMultimap,0.104
18.0,com.google.common.collect.ForwardingMap,0.104
18.0,com.google.common.base.Ascii,0.102
18.0,com.google.common.math.IntMath,0.102
18.0,com.google.common.collect.BiMap,0.101
18.0,com.google.common.base.Converter,0.101
18.0,com.google.common.collect.SortedSetMultimap,0.099
18.0,com.google.common.base.Ticker,0.095
18.0,com.google.common.collect.FilteredEntryMultimap,0.095
18.0,com.google.common.collect.ImmutableSetMultimap,0.094
18.0,com.google.common.collect.RegularImmutableSortedSet,0.093
18.0,com.google.common.collect.SortedLists,0.093
18.0,com.google.common.collect.MapMaker,0.092
18.0,com.google.common.collect.ImmutableListMultimap,0.092
18.0,com.google.common.collect.TransformedIterator,0.092
18.0,com.google.common.collect.PeekingIterator,0.091
18.0,com.google.common.collect.FilteredMultimap,0.09
18.0,com.google.common.collect.AbstractMapEntry,0.089
18.0,com.google.common.collect.AbstractSetMultimap,0.089
18.0,com.google.common.collect.AbstractMapBasedMultiset,0.089
18.0,com.google.common.collect.ForwardingMultimap,0.088
18.0,com.google.common.collect.ForwardingMultiset,0.088
18.0,com.google.common.collect.SortedIterable,0.088
18.0,com.google.common.collect.ObjectArrays,0.087
18.0,com.google.common.collect.FilteredKeyMultimap,0.085
18.0,com.google.common.cache.LocalCache,0.085
18.0,com.google.common.collect.FilteredSetMultimap,0.082
18.0,com.google.common.collect.UnmodifiableSortedMultiset,0.082
18.0,com.google.common.collect.ImmutableMapEntrySet,0.082
18.0,com.google.common.collect.ForwardingMapEntry,0.081
18.0,com.google.common.collect.ForwardingList,0.081
18.0,com.google.common.collect.AbstractSequentialIterator,0.08
18.0,com.google.common.collect.LinkedHashMultiset,0.079
20.0,com.google.common.base.Preconditions,1.0
20.0,com.google.common.collect.Maps,0.394
20.0,com.google.common.base.Function,0.356
20.0,com.google.common.collect.ImmutableList,0.299
20.0,com.google.common.collect.Iterators,0.287
20.0,com.google.common.collect.ImmutableMap,0.269
20.0,com.google.common.base.Supplier,0.26
20.0,com.google.common.collect.ImmutableSet,0.248
20.0,com.google.common.collect.UnmodifiableIterator,0.247
20.0,com.google.common.base.Predicate,0.239
20.0,com.google.common.collect.Multiset,0.235
20.0,com.google.common.base.Objects,0.223
20.0,com.google.common.collect.Sets,0.219
20.0,com.google.common.collect.Multimap,0.214
20.0,com.google.common.collect.Ordering,0.214
20.0,com.google.common.collect.CollectPreconditions,0.197
20.0,com.google.common.collect.Lists,0.183
20.0,com.google.common.collect.Iterables,0.181
20.0,com.google.common.collect.AbstractIterator,0.171
20.0,com.google.common.collect.ImmutableCollection,0.169
20.0,com.google.common.collect.Range,0.154
20.0,com.google.common.base.MoreObjects,0.154
20.0,com.google.common.collect.Multisets,0.142
20.0,com.google.common.primitives.Ints,0.138
20.0,com.google.common.collect.SetMultimap,0.138
20.0,com.google.common.math.IntMath,0.137
20.0,com.google.common.base.Optional,0.135
20.0,com.google.common.base.CharMatcher,0.134
20.0,com.google.common.base.Predicates,0.131
20.0,com.google.common.util.concurrent.ListenableFuture,0.131
20.0,com.google.common.collect.Collections2,0.128
20.0,com.google.common.collect.Serialization,0.126
20.0,com.google.common.collect.FluentIterable,0.122
20.0,com.google.common.collect.ImmutableSortedSet,0.119
20.0,com.google.common.collect.AbstractMultiset,0.118
20.0,com.google.common.collect.ForwardingObject,0.114
20.0,com.google.common.collect.ImmutableMultiset,0.113
20.0,com.google.common.collect.ListMultimap,0.113
20.0,com.google.common.collect.ForwardingCollection,0.112
20.0,com.google.common.collect.BoundType,0.11
20.0,com.google.common.collect.SortedMultiset,0.109
20.0,com.google.common.collect.AbstractMapBasedMultimap,0.107
20.0,com.google.common.collect.RegularImmutableSortedSet,0.104
20.0,com.google.common.collect.ImmutableMultimap,0.101
20.0,com.google.common.collect.Synchronized,0.1
20.0,com.google.common.base.Joiner,0.1
20.0,com.google.common.collect.MultimapBuilder,0.099
20.0,com.google.common.collect.AbstractMultimap,0.097
20.0,com.google.common.collect.Multimaps,0.097
20.0,com.google.common.collect.Cut,0.097
20.0,com.google.common.base.Converter,0.096
20.0,com.google.common.math.LongMath,0.095
20.0,com.google.common.collect.SortedLists,0.095
20.0,com.google.common.base.Platform,0.095
20.0,com.google.common.collect.ForwardingSet,0.094
20.0,com.google.common.base.Equivalence,0.091
20.0,com.google.common.base.CommonPattern,0.09
20.0,com.google.common.collect.BiMap,0.089
20.0,com.google.common.collect.ForwardingMap,0.089
20.0,com.google.common.collect.FilteredEntryMultimap,0.088
20.0,com.google.common.collect.AbstractMapBasedMultiset,0.088
20.0,com.google.common.collect.ImmutableListMultimap,0.087
20.0,com.google.common.collect.PeekingIterator,0.087
20.0,com.google.common.collect.SortedSetMultimap,0.086
20.0,com.google.common.collect.TransformedIterator,0.086
20.0,com.google.common.base.Ascii,0.085
20.0,com.google.common.collect.AbstractMapEntry,0.085
20.0,com.google.common.collect.ObjectArrays,0.085
20.0,com.google.common.collect.ForwardingMultiset,0.085
20.0,com.google.common.collect.Hashing,0.084
20.0,com.google.common.collect.SortedIterable,0.084
20.0,com.google.common.collect.ImmutableSetMultimap,0.083
20.0,com.google.common.base.CommonMatcher,0.082
20.0,com.google.common.collect.AbstractSetMultimap,0.082
20.0,com.google.common.collect.FilteredMultimap,0.082
20.0,com.google.common.base.JdkPattern,0.081
20.0,com.google.common.collect.ForwardingMultimap,0.08
20.0,com.google.common.math.MathPreconditions,0.08
20.0,com.google.common.collect.UnmodifiableSortedMultiset,0.08
20.0,com.google.common.collect.MapMakerInternalMap,0.08
20.0,com.google.common.collect.ImmutableBiMap,0.078
20.0,com.google.common.collect.FilteredKeyMultimap,0.078
20.0,com.google.common.cache.LocalCache,0.078
20.0,com.google.common.primitives.Longs,0.078
20.0,com.google.common.collect.LinkedHashMultiset,0.078
20.0,com.google.common.collect.ImmutableSortedAsList,0.077
20.0,com.google.common.collect.Count,0.077
20.0,com.google.common.collect.RegularImmutableMultiset,0.076
20.0,com.google.common.collect.ImmutableMapEntry,0.076
20.0,com.google.common.collect.FilteredSetMultimap,0.075
22.0,com.google.common.base.Preconditions,1.0
22.0,com.google.common.collect.Maps,0.38
22.0,com.google.common.base.Function,0.344
22.0,com.google.common.collect.ImmutableList,0.299
22.0,com.google.common.collect.UnmodifiableIterator,0.289
22.0,com.google.common.collect.Iterators,0.269
22.0,com.google.common.collect.ImmutableMap,0.263
22.0,com.google.common.base.Supplier,0.254
22.0,com.google.common.collect.ImmutableSet,0.242
22.0,com.google.common.base.Predicate,0.232
22.0,com.google.common.collect.Multiset,0.219
22.0,com.google.common.base.Objects,0.214
22.0,com.google.common.collect.Multimap,0.201
22.0,com.google.common.collect.Ordering,0.199
22.0,com.google.common.collect.Sets,0.194
22.0,com.google.common.collect.CollectPreconditions,0.193
22.0,com.google.common.collect.Lists,0.172
22.0,com.google.common.collect.ImmutableCollection,0.169
22.0,com.google.common.collect.Iterables,0.168
22.0,com.google.common.base.MoreObjects,0.163
22.0,com.google.common.collect.AbstractIterator,0.163
22.0,com.google.common.collect.Range,0.148
22.0,com.google.common.primitives.Ints,0.137
22.0,com.google.common.base.Optional,0.137
22.0,com.google.common.collect.SetMultimap,0.133
22.0,com.google.common.collect.CollectSpliterators,0.13
22.0,com.google.common.base.CharMatcher,0.128
22.0,com.google.common.math.IntMath,0.126
22.0,com.google.common.collect.Collections2,0.124
22.0,com.google.common.util.concurrent.ListenableFuture,0.124
22.0,com.google.common.base.Predicates,0.122
22.0,com.google.common.collect.Serialization,0.12
22.0,com.google.common.collect.ImmutableSortedSet,0.118
22.0,com.google.common.collect.Multisets,0.111
22.0,com.google.common.collect.ForwardingObject,0.111
22.0,com.google.common.collect.FluentIterable,0.11
22.0,com.google.common.collect.Synchronized,0.108
22.0,com.google.common.collect.Table,0.105
22.0,com.google.common.collect.BoundType,0.104
22.0,com.google.common.collect.RegularImmutableSortedSet,0.103
22.0,com.google.common.collect.ListMultimap,0.102
22.0,com.google.common.base.Joiner,0.102
22.0,com.google.common.collect.AbstractMapBasedMultimap,0.101
22.0,com.google.common.collect.Multimaps,0.101
22.0,com.google.common.collect.ImmutableMultimap,0.099
22.0,com.google.common.collect.AbstractMultiset,0.099
22.0,com.google.common.collect.ImmutableMultiset,0.098
22.0,com.google.common.collect.MultimapBuilder,0.098
22.0,com.google.common.math.LongMath,0.098
22.0,com.google.common.collect.ForwardingCollection,0.096
22.0,com.google.common.collect.Cut,0.096
22.0,com.google.common.collect.AbstractMultimap,0.095
22.0,com.google.common.base.Converter,0.093
22.0,com.google.common.base.Platform,0.09
22.0,com.google.common.base.Equivalence,0.09
22.0,com.google.common.collect.FilteredEntryMultimap,0.089
22.0,com.google.common.collect.BiMap,0.088
22.0,com.google.common.collect.MapMakerInternalMap,0.086
22.0,com.google.common.collect.SortedSetMultimap,0.086
22.0,com.google.common.collect.AbstractMapBasedMultiset,0.085
22.0,com.google.common.base.CommonPattern,0.085
22.0,com.google.common.collect.ImmutableListMultimap,0.084
22.0,com.google.common.base.Ascii,0.084
22.0,com.google.common.collect.AbstractSetMultimap,0.084
22.0,com.google.common.collect.FilteredMultimap,0.084
22.0,com.google.common.collect.AbstractMapEntry,0.083
22.0,com.google.common.collect.ForwardingSet,0.083
22.0,com.google.common.collect.ForwardingMap,0.081
22.0,com.google.common.collect.FilteredKeyMultimap,0.08
22.0,com.google.common.collect.TransformedIterator,0.08
22.0,com.google.common.collect.ImmutableSetMultimap,0.079
22.0,com.google.common.math.MathPreconditions,0.079
22.0,com.google.common.collect.Hashing,0.079
22.0,com.google.common.base.CommonMatcher,0.078
22.0,com.google.common.collect.FilteredSetMultimap,0.077
22.0,com.google.common.collect.ImmutableSortedAsList,0.077
22.0,com.google.common.collect.ImmutableBiMap,0.077
22.0,com.google.common.collect.SortedIterable,0.077
22.0,com.google.common.collect.DiscreteDomain,0.076
22.0,com.google.common.base.JdkPattern,0.076
22.0,com.google.common.collect.SortedMultiset,0.076
22.0,com.google.common.cache.LocalCache,0.075
22.0,com.google.common.primitives.Longs,0.075
22.0,com.google.common.collect.ForwardingMultimap,0.074
22.0,com.google.common.collect.AbstractSortedSetMultimap,0.074
22.0,com.google.common.collect.FilteredKeySetMultimap,0.074
22.0,com.google.common.collect.AbstractListMultimap,0.074
22.0,com.google.common.collect.Count,0.074
22.0,com.google.common.collect.ImmutableSortedMap,0.074
22.0,com.google.common.collect.ObjectArrays,0.073
22.0,com.google.common.collect.FilteredMultimapValues,0.073
22.0,com.google.common.collect.PeekingIterator,0.072
22.0,com.google.common.collect.FilteredEntrySetMultimap,0.072
22.0,com.google.common.collect.FilteredKeyListMultimap,0.072
24.0,com.google.common.base.Preconditions,1.0
24.0,com.google.common.collect.Maps,0.364
24.0,com.google.common.base.Function,0.352
24.0,com.google.common.collect.ImmutableList,0.296
24.0,com.google.common.collect.UnmodifiableIterator,0.28
24.0,com.google.common.collect.Iterators,0.272
24.0,com.google.common.collect.ImmutableMap,0.27
24.0,com.google.common.base.Supplier,0.259
24.0,com.google.common.collect.ImmutableSet,0.245
24.0,com.google.common.base.Predicate,0.232
24.0,com.google.common.collect.Multiset,0.222
24.0,com.google.common.base.Objects,0.215
24.0,com.google.common.collect.Ordering,0.2
24.0,com.google.common.collect.Sets,0.198
24.0,com.google.common.collect.CollectPreconditions,0.197
24.0,com.google.common.collect.Multimap,0.195
24.0,com.google.common.collect.AbstractIterator,0.177
24.0,com.google.common.collect.ImmutableCollection,0.175
24.0,com.google.common.base.MoreObjects,0.175
24.0,com.google.common.collect.Lists,0.172
24.0,com.google.common.collect.Iterables,0.163
24.0,com.google.common.collect.Range,0.15
24.0,com.google.common.primitives.Ints,0.145
24.0,com.google.common.collect.CollectSpliterators,0.134
24.0,com.google.common.collect.SetMultimap,0.13
24.0,com.google.common.base.Optional,0.129
24.0,com.google.common.math.IntMath,0.128
24.0,com.google.common.util.concurrent.ListenableFuture,0.126
24.0,com.google.common.collect.Collections2,0.125
24.0,com.google.common.collect.Serialization,0.122
24.0,com.google.common.collect.Multisets,0.119
24.0,com.google.common.base.CharMatcher,0.117
24.0,com.google.common.base.Predicates,0.115
24.0,com.google.common.collect.ImmutableSortedSet,0.111
24.0,com.google.common.collect.ForwardingObject,0.11
24.0,com.google.common.collect.Synchronized,0.108
24.0,com.google.common.collect.AbstractMultiset,0.107
24.0,com.google.common.collect.AbstractMapBasedMultimap,0.106
24.0,com.google.common.collect.BoundType,0.105
24.0,com.google.common.collect.Table,0.104
24.0,com.google.common.collect.Multimaps,0.102
24.0,com.google.common.collect.Cut,0.102
24.0,com.google.common.collect.ImmutableMultiset,0.101
24.0,com.google.common.collect.ImmutableMultimap,0.101
24.0,com.google.common.collect.ListMultimap,0.1
24.0,com.google.common.collect.FluentIterable,0.1
24.0,com.google.common.base.Ascii,0.099
24.0,com.google.common.collect.RegularImmutableSortedSet,0.097
24.0,com.google.common.collect.ForwardingCollection,0.096
24.0,com.google.common.base.Platform,0.096
24.0,com.google.common.collect.AbstractMultimap,0.095
24.0,com.google.common.collect.MultimapBuilder,0.095
24.0,com.google.common.collect.Platform,0.095
24.0,com.google.common.collect.MapMakerInternalMap,0.094
24.0,com.google.common.base.Converter,0.094
24.0,com.google.common.math.LongMath,0.091
24.0,com.google.common.base.Equivalence,0.091
24.0,com.google.common.collect.BiMap,0.089
24.0,com.google.common.collect.FilteredEntryMultimap,0.089
24.0,com.google.common.collect.ObjectArrays,0.088
24.0,com.google.common.base.CommonPattern,0.088
24.0,com.google.common.collect.ImmutableListMultimap,0.087
24.0,com.google.common.collect.AbstractMapEntry,0.087
24.0,com.google.common.collect.Hashing,0.087
24.0,com.google.common.collect.SortedSetMultimap,0.086
24.0,com.google.common.collect.AbstractMapBasedMultiset,0.085
24.0,com.google.common.collect.FilteredMultimap,0.085
24.0,com.google.common.collect.AbstractSetMultimap,0.084
24.0,com.google.common.collect.TransformedIterator,0.084
24.0,com.google.common.base.Joiner,0.084
24.0,com.google.common.collect.ForwardingSet,0.082
24.0,com.google.common.collect.DiscreteDomain,0.081
24.0,com.google.common.base.CommonMatcher,0.081
24.0,com.google.common.collect.ImmutableSetMultimap,0.08
24.0,com.google.common.collect.FilteredKeyMultimap,0.08
24.0,com.google.common.collect.ForwardingMap,0.08
24.0,com.google.common.math.MathPreconditions,0.079
24.0,com.google.common.collect.FilteredSetMultimap,0.078
24.0,com.google.common.base.JdkPattern,0.078
24.0,com.google.common.collect.ImmutableBiMap,0.077
24.0,com.google.common.collect.SortedIterable,0.077
24.0,com.google.common.collect.MapMaker,0.076
24.0,com.google.common.collect.ImmutableSortedAsList,0.076
24.0,com.google.common.primitives.Longs,0.076
24.0,com.google.common.collect.ForwardingMultimap,0.075
24.0,com.google.common.collect.AbstractSortedSetMultimap,0.075
24.0,com.google.common.collect.FilteredKeySetMultimap,0.075
24.0,com.google.common.collect.AbstractListMultimap,0.075
24.0,com.google.common.collect.Count,0.075
24.0,com.google.common.graph.EndpointPair,0.074
24.0,com.google.common.collect.FilteredEntrySetMultimap,0.073
24.0,com.google.common.collect.FilteredKeyListMultimap,0.073
24.0,com.google.common.collect.FilteredMultimapValues,0.073
24.0,com.google.common.collect.SortedMultiset,0.073
26.0,com.google.common.base.Preconditions,1.0
26.0,com.google.common.collect.Maps,0.374
26.0,com.google.common.base.Function,0.345
26.0,com.google.common.collect.ImmutableList,0.31
26.0,com.google.common.collect.UnmodifiableIterator,0.283
26.0,com.google.common.collect.ImmutableMap,0.271
26.0,com.google.common.collect.Iterators,0.269
26.0,com.google.common.collect.ImmutableSet,0.262
26.0,com.google.common.base.Supplier,0.233
26.0,com.google.common.base.Predicate,0.229
26.0,com.google.common.collect.Multiset,0.227
26.0,com.google.common.base.Objects,0.215
26.0,com.google.common.collect.Ordering,0.201
26.0,com.google.common.collect.Sets,0.2
26.0,com.google.common.collect.CollectPreconditions,0.198
26.0,com.google.common.collect.Multimap,0.197
26.0,com.google.common.collect.ImmutableCollection,0.179
26.0,com.google.common.collect.AbstractIterator,0.179
26.0,com.google.common.base.MoreObjects,0.173
26.0,com.google.common.collect.Lists,0.172
26.0,com.google.common.collect.Iterables,0.172
26.0,com.google.common.collect.Range,0.151
26.0,com.google.common.primitives.Ints,0.146
26.0,com.google.common.collect.CollectSpliterators,0.135
26.0,com.google.common.util.concurrent.ListenableFuture,0.134
26.0,com.google.common.math.IntMath,0.132
26.0,com.google.common.collect.SetMultimap,0.131
26.0,com.google.common.collect.Collections2,0.126
26.0,com.google.common.collect.Serialization,0.122
26.0,com.google.common.collect.Multisets,0.122
26.0,com.google.common.base.Predicates,0.115
26.0,com.google.common.base.Optional,0.113
26.0,com.google.common.collect.ForwardingObject,0.11
26.0,com.google.common.collect.Synchronized,0.109
26.0,com.google.common.collect.ImmutableSortedSet,0.108
26.0,com.google.common.collect.AbstractMultiset,0.107
26.0,com.google.common.collect.BoundType,0.106
26.0,com.google.common.collect.Table,0.105
26.0,com.google.common.collect.ImmutableMultiset,0.103
26.0,com.google.common.collect.AbstractMapBasedMultimap,0.102
26.0,com.google.common.collect.Cut,0.102
26.0,com.google.common.collect.ListMultimap,0.101
26.0,com.google.common.collect.FluentIterable,0.1
26.0,com.google.common.collect.Platform,0.098
26.0,com.google.common.collect.Multimaps,0.097
26.0,com.google.common.collect.AbstractMultimap,0.096
26.0,com.google.common.collect.ObjectArrays,0.096
26.0,com.google.common.collect.MapMakerInternalMap,0.096
26.0,com.google.common.base.Ascii,0.095
26.0,com.google.common.collect.ForwardingCollection,0.095
26.0,com.google.common.collect.ImmutableMultimap,0.092
26.0,com.google.common.collect.BiMap,0.092
26.0,com.google.common.collect.RegularImmutableSortedSet,0.092
26.0,com.google.common.base.Equivalence,0.092
26.0,com.google.common.collect.IndexedImmutableSet,0.091
26.0,com.google.common.collect.MultimapBuilder,0.089
26.0,com.google.common.collect.AbstractMapEntry,0.088
26.0,com.google.common.collect.SortedSetMultimap,0.087
26.0,com.google.common.collect.FilteredEntryMultimap,0.085
26.0,com.google.common.math.LongMath,0.085
26.0,com.google.common.collect.Hashing,0.084
26.0,com.google.common.base.Converter,0.084
26.0,com.google.common.collect.TransformedIterator,0.084
26.0,com.google.common.collect.AbstractMapBasedMultiset,0.084
26.0,com.google.common.collect.DiscreteDomain,0.082
26.0,com.google.common.collect.ForwardingSet,0.082
26.0,com.google.common.collect.ImmutableListMultimap,0.081
26.0,com.google.common.collect.ImmutableBiMap,0.081
26.0,com.google.common.base.Joiner,0.081
26.0,com.google.common.collect.AbstractSetMultimap,0.08
26.0,com.google.common.collect.ForwardingMap,0.08
26.0,com.google.common.collect.FilteredMultimap,0.08
26.0,com.google.common.collect.MapMaker,0.078
26.0,com.google.common.collect.FilteredKeyMultimap,0.076
26.0,com.google.common.primitives.Longs,0.076
26.0,com.google.common.collect.SortedIterable,0.076
26.0,com.google.common.graph.EndpointPair,0.075
26.0,com.google.common.math.MathPreconditions,0.075
26.0,com.google.common.collect.Count,0.075
26.0,com.google.common.collect.FilteredSetMultimap,0.073
26.0,com.google.common.collect.HashMultiset,0.073
26.0,com.google.common.collect.ImmutableMapEntrySet,0.073
26.0,com.google.common.cache.ReferenceEntry,0.073
26.0,com.google.common.collect.SortedMultiset,0.073
26.0,com.google.common.collect.ImmutableSortedMap,0.073
28.0,com.google.common.base.Preconditions,1.0
28.0,com.google.common.collect.Maps,0.378
28.0,com.google.common.base.Function,0.35
28.0,com.google.common.collect.ImmutableList,0.315
28.0,com.google.common.collect.UnmodifiableIterator,0.285
28.0,com.google.common.collect.ImmutableMap,0.276
28.0,com.google.common.collect.ImmutableSet,0.271
28.0,com.google.common.collect.Iterators,0.27
28.0,com.google.common.base.Supplier,0.235
28.0,com.google.common.base.Predicate,0.231
28.0,com.google.common.collect.Multiset,0.229
28.0,com.google.common.base.Objects,0.216
28.0,com.google.common.collect.Ordering,0.203
28.0,com.google.common.collect.Sets,0.2
28.0,com.google.common.collect.Multimap,0.199
28.0,com.google.common.collect.CollectPreconditions,0.199
28.0,com.google.common.collect.ImmutableCollection,0.181
28.0,com.google.common.collect.AbstractIterator,0.18
28.0,com.google.common.collect.Lists,0.174
28.0,com.google.common.collect.Iterables,0.174
28.0,com.google.common.base.MoreObjects,0.172
28.0,com.google.common.collect.Range,0.152
28.0,com.google.common.primitives.Ints,0.146
28.0,com.google.common.collect.CollectSpliterators,0.135
28.0,com.google.common.math.IntMath,0.133
28.0,com.google.common.collect.SetMultimap,0.131
28.0,com.google.common.util.concurrent.ListenableFuture,0.129
28.0,com.google.common.collect.Collections2,0.127
28.0,com.google.common.collect.Serialization,0.123
28.0,com.google.common.collect.Multisets,0.123
28.0,com.google.common.base.Optional,0.117
28.0,com.google.common.base.Predicates,0.115
28.0,com.google.common.collect.ImmutableSortedSet,0.11
28.0,com.google.common.collect.Synchronized,0.109
28.0,com.google.common.collect.AbstractMultiset,0.108
28.0,com.google.common.collect.ForwardingObject,0.108
28.0,com.google.common.collect.BoundType,0.106
28.0,com.google.common.collect.Table,0.104
28.0,com.google.common.collect.ImmutableMultiset,0.103
28.0,com.google.common.collect.AbstractMapBasedMultimap,0.103
28.0,com.google.common.collect.Cut,0.103
28.0,com.google.common.collect.ListMultimap,0.101
28.0,com.google.common.collect.FluentIterable,0.101
28.0,com.google.common.graph.EndpointPair,0.1
28.0,com.google.common.collect.Multimaps,0.098
28.0,com.google.common.collect.AbstractMultimap,0.096
28.0,com.google.common.collect.ObjectArrays,0.096
28.0,com.google.common.collect.ForwardingCollection,0.095
28.0,com.google.common.collect.ImmutableMultimap,0.093
28.0,com.google.common.base.Ascii,0.093
28.0,com.google.common.collect.RegularImmutableSortedSet,0.093
28.0,com.google.common.collect.IndexedImmutableSet,0.092
28.0,com.google.common.collect.BiMap,0.092
28.0,com.google.common.base.Equivalence,0.092
28.0,com.google.common.collect.Platform,0.091
28.0,com.google.common.collect.MapMakerInternalMap,0.091
28.0,com.google.common.collect.MultimapBuilder,0.09
28.0,com.google.common.collect.SortedSetMultimap,0.087
28.0,com.google.common.collect.FilteredEntryMultimap,0.086
28.0,com.google.common.math.LongMath,0.086
28.0,com.google.common.collect.Hashing,0.085
28.0,com.google.common.collect.AbstractMapBasedMultiset,0.085
28.0,com.google.common.collect.AbstractMapEntry,0.084
28.0,com.google.common.base.Converter,0.084
28.0,com.google.common.collect.ImmutableListMultimap,0.082
28.0,com.google.common.collect.DiscreteDomain,0.082
28.0,com.google.common.collect.ForwardingSet,0.082
28.0,com.google.common.base.Joiner,0.082
28.0,com.google.common.collect.ImmutableBiMap,0.081
28.0,com.google.common.collect.TransformedIterator,0.081
28.0,com.google.common.collect.FilteredMultimap,0.081
28.0,com.google.common.collect.AbstractSetMultimap,0.08
28.0,com.google.common.collect.ForwardingMap,0.077
28.0,com.google.common.collect.FilteredKeyMultimap,0.076
28.0,com.google.common.primitives.Longs,0.076
28.0,com.google.common.collect.SortedIterable,0.076
28.0,com.google.common.math.MathPreconditions,0.075
28.0,com.google.common.collect.Count,0.075
28.0,com.google.common.collect.FilteredSetMultimap,0.074
28.0,com.google.common.collect.ImmutableMapEntrySet,0.074
28.0,com.google.common.cache.ReferenceEntry,0.074
28.0,com.google.common.collect.SortedMultiset,0.074
28.0,com.google.common.collect.HashMultiset,0.073
28.0,com.google.common.collect.ImmutableSortedMap,0.073
30.0,com.google.common.base.Preconditions,1.0
30.0,com.google.common.collect.Maps,0.381
30.0,com.google.common.base.Function,0.371
30.0,com.google.common.collect.ImmutableList,0.339
30.0,com.google.common.collect.UnmodifiableIterator,0.282
30.0,com.google.common.collect.ImmutableSet,0.281
30.0,com.google.common.collect.ImmutableMap,0.279
30.0,com.google.common.collect.Iterators,0.277
30.0,com.google.common.base.Supplier,0.237
30.0,com.google.common.base.Predicate,0.231
30.0,com.google.common.collect.Multiset,0.23
30.0,com.google.common.base.Objects,0.219
30.0,com.google.common.collect.Ordering,0.203
30.0,com.google.common.collect.Multimap,0.2
30.0,com.google.common.collect.CollectPreconditions,0.2
30.0,com.google.common.collect.Sets,0.2
30.0,com.google.common.collect.AbstractIterator,0.188
30.0,com.google.common.collect.ImmutableCollection,0.181
30.0,com.google.common.collect.Lists,0.176
30.0,com.google.common.base.MoreObjects,0.175
30.0,com.google.common.collect.Iterables,0.164
30.0,com.google.common.collect.Range,0.153
30.0,com.google.common.primitives.Ints,0.153
30.0,com.google.common.util.concurrent.ListenableFuture,0.138
30.0,com.google.common.collect.CollectSpliterators,0.135
30.0,com.google.common.math.IntMath,0.135
30.0,com.google.common.collect.SetMultimap,0.134
30.0,com.google.common.collect.Serialization,0.125
30.0,com.google.common.collect.Multisets,0.125
30.0,com.google.common.graph.EndpointPair,0.118
30.0,com.google.common.base.Predicates,0.116
30.0,com.google.common.collect.ImmutableSortedSet,0.113
30.0,com.google.common.base.Optional,0.111
30.0,com.google.common.collect.Synchronized,0.11
30.0,com.google.common.collect.FluentIterable,0.11
30.0,com.google.common.collect.ForwardingObject,0.11
30.0,com.google.common.collect.Collections2,0.109
30.0,com.google.common.collect.BoundType,0.108
30.0,com.google.common.collect.AbstractMultiset,0.108
30.0,com.google.common.collect.Table,0.106
30.0,com.google.common.collect.ImmutableMultiset,0.105
30.0,com.google.common.collect.AbstractMapBasedMultimap,0.105
30.0,com.google.common.collect.ListMultimap,0.103
30.0,com.google.common.collect.Cut,0.103
30.0,com.google.common.collect.Multimaps,0.101
30.0,com.google.common.math.LongMath,0.1
30.0,com.google.common.collect.AbstractMultimap,0.098
30.0,com.google.common.collect.ForwardingCollection,0.098
30.0,com.google.common.collect.ObjectArrays,0.097
30.0,com.google.common.collect.ImmutableMultimap,0.096
30.0,com.google.common.base.Ascii,0.095
30.0,com.google.common.collect.IndexedImmutableSet,0.095
30.0,com.google.common.collect.RegularImmutableSortedSet,0.095
30.0,com.google.common.collect.MultimapBuilder,0.093
30.0,com.google.common.collect.BiMap,0.093
30.0,com.google.common.collect.MapMakerInternalMap,0.093
30.0,com.google.common.base.Equivalence,0.093
30.0,com.google.common.primitives.Longs,0.093
30.0,com.google.common.collect.Platform,0.091
30.0,com.google.common.collect.SortedSetMultimap,0.089
30.0,com.google.common.base.Converter,0.089
30.0,com.google.common.collect.FilteredEntryMultimap,0.088
30.0,com.google.common.math.DoubleUtils,0.088
30.0,com.google.common.collect.AbstractMapEntry,0.087
30.0,com.google.common.collect.Hashing,0.087
30.0,com.google.common.collect.AbstractMapBasedMultiset,0.086
30.0,com.google.common.collect.ImmutableListMultimap,0.085
30.0,com.google.common.base.Joiner,0.085
30.0,com.google.common.collect.ForwardingSet,0.084
30.0,com.google.common.collect.FilteredMultimap,0.084
30.0,com.google.common.collect.ImmutableBiMap,0.083
30.0,com.google.common.collect.DiscreteDomain,0.083
30.0,com.google.common.math.MathPreconditions,0.083
30.0,com.google.common.collect.AbstractSetMultimap,0.083
30.0,com.google.common.collect.TransformedIterator,0.082
30.0,com.google.common.collect.FilteredKeyMultimap,0.079
30.0,com.google.common.collect.ForwardingMap,0.079
30.0,com.google.common.collect.SortedIterable,0.078
30.0,com.google.common.collect.FilteredSetMultimap,0.077
30.0,com.google.common.util.concurrent.MoreExecutors,0.077
30.0,com.google.common.collect.Count,0.077
30.0,com.google.common.collect.ImmutableMapEntrySet,0.075
30.0,com.google.common.collect.SortedMultiset,0.075
30.0,com.google.common.collect.ForwardingMultimap,0.074
30.0,com.google.common.collect.AbstractSortedSetMultimap,0.074
30.0,com.google.common.collect.FilteredKeySetMultimap,0.074
30.0,com.google.common.collect.ImmutableMapKeySet,0.074
30.0,com.google.common.collect.AbstractListMultimap,0.074
30.0,com.google.common.collect.ImmutableSortedMap,0.074
30.0,com.google.common.collect.MapMaker,0.073
30.0,com.google.common.collect.ImmutableSortedAsList,0.073
30.0,com.google.common.collect.ImmutableSetMultimap,0.073
30.0,com.google.common.cache.ReferenceEntry,0.073
30.0,com.google.common.collect.FilteredMultimapValues,0.073
32.0.0,com.google.common.base.Preconditions,1.0
32.0.0,com.google.common.collect.Maps,0.365
32.0.0,com.google.common.collect.ImmutableList,0.326
32.0.0,com.google.common.base.Function,0.315
32.0.0,com.google.common.collect.UnmodifiableIterator,0.277
32.0.0,com.google.common.collect.ImmutableMap,0.271
32.0.0,com.google.common.collect.Iterators,0.267
32.0.0,com.google.common.collect.ImmutableSet,0.26
32.0.0,com.google.common.collect.Multiset,0.221
32.0.0,com.google.common.base.Predicate,0.219
32.0.0,com.google.common.base.Supplier,0.21
32.0.0,com.google.common.base.Objects,0.207
32.0.0,com.google.common.collect.Ordering,0.193
32.0.0,com.google.common.collect.Sets,0.188
32.0.0,com.google.common.collect.Multimap,0.187
32.0.0,com.google.common.collect.AbstractIterator,0.18
32.0.0,com.google.common.collect.ImmutableCollection,0.174
32.0.0,com.google.common.collect.Lists,0.173
32.0.0,com.google.common.base.MoreObjects,0.17
32.0.0,com.google.common.collect.CollectPreconditions,0.162
32.0.0,com.google.common.collect.Iterables,0.156
32.0.0,com.google.common.primitives.Ints,0.149
32.0.0,com.google.common.collect.Range,0.148
32.0.0,com.google.common.util.concurrent.ListenableFuture,0.133
32.0.0,com.google.common.collect.CollectSpliterators,0.132
32.0.0,com.google.common.math.IntMath,0.131
32.0.0,com.google.common.collect.SetMultimap,0.126
32.0.0,com.google.common.collect.Multisets,0.12
32.0.0,com.google.common.collect.Serialization,0.117
32.0.0,com.google.common.base.Optional,0.116
32.0.0,com.google.common.collect.ImmutableSortedSet,0.111
32.0.0,com.google.common.base.Predicates,0.109
32.0.0,com.google.common.collect.FluentIterable,0.106
32.0.0,com.google.common.collect.Synchronized,0.105
32.0.0,com.google.common.collect.Collections2,0.105
32.0.0,com.google.common.collect.BoundType,0.103
32.0.0,com.google.common.collect.AbstractMultiset,0.103
32.0.0,com.google.common.collect.ForwardingObject,0.103
32.0.0,com.google.common.collect.Cut,0.102
32.0.0,com.google.common.collect.Table,0.101
32.0.0,com.google.common.collect.ImmutableMultiset,0.099
32.0.0,com.google.common.collect.AbstractMapBasedMultimap,0.099
32.0.0,com.google.common.collect.ListMultimap,0.099
32.0.0,com.google.common.collect.ImmutableMultimap,0.096
32.0.0,com.google.common.collect.ObjectArrays,0.096
32.0.0,com.google.common.math.LongMath,0.096
32.0.0,com.google.common.collect.ForwardingCollection,0.094
32.0.0,com.google.common.collect.Platform,0.094
32.0.0,com.google.common.collect.RegularImmutableSortedSet,0.094
32.0.0,com.google.common.collect.AbstractMultimap,0.093
32.0.0,com.google.common.collect.MapMakerInternalMap,0.093
32.0.0,com.google.common.base.Ascii,0.092
32.0.0,com.google.common.collect.Hashing,0.092
32.0.0,com.google.common.collect.NullnessCasts,0.092
32.0.0,com.google.common.collect.IndexedImmutableSet,0.091
32.0.0,com.google.common.base.Equivalence,0.091
32.0.0,com.google.common.collect.CollectCollectors,0.09
32.0.0,com.google.common.collect.BiMap,0.09
32.0.0,com.google.common.primitives.Longs,0.09
32.0.0,com.google.common.collect.Multimaps,0.089
32.0.0,com.google.common.graph.EndpointPair,0.088
32.0.0,com.google.common.base.Converter,0.086
32.0.0,com.google.common.math.DoubleUtils,0.084
32.0.0,com.google.common.collect.ImmutableListMultimap,0.083
32.0.0,com.google.common.collect.AbstractMapEntry,0.083
32.0.0,com.google.common.collect.AbstractMapBasedMultiset,0.083
32.0.0,com.google.common.collect.DiscreteDomain,0.082
32.0.0,com.google.common.collect.FilteredEntryMultimap,0.082
32.0.0,com.google.common.collect.ImmutableBiMap,0.08
32.0.0,com.google.common.collect.SortedSetMultimap,0.08
32.0.0,com.google.common.collect.TransformedIterator,0.08
32.0.0,com.google.common.base.Joiner,0.08
32.0.0,com.google.common.math.MathPreconditions,0.079
32.0.0,com.google.common.collect.ForwardingSet,0.079
32.0.0,com.google.common.util.concurrent.MoreExecutors,0.078
32.0.0,com.google.common.collect.AbstractSetMultimap,0.078
32.0.0,com.google.common.collect.FilteredMultimap,0.078
32.0.0,com.google.common.collect.ImmutableSortedMap,0.078
32.0.0,com.google.common.collect.MultimapBuilder,0.077
32.0.0,com.google.common.collect.SortedIterable,0.077
32.0.0,com.google.common.collect.ImmutableSetMultimap,0.076
32.0.0,com.google.common.collect.ImmutableMapEntrySet,0.076
32.0.0,com.google.common.collect.ForwardingMap,0.076
32.0.0,com.google.common.collect.ImmutableMapKeySet,0.075
32.0.0,com.google.common.collect.ImmutableRangeSet,0.075
32.0.0,com.google.common.collect.FilteredKeyMultimap,0.073
32.0.0,com.google.common.collect.Count,0.073
32.0.0,com.google.common.collect.MapMaker,0.072
32.0.0,com.google.common.collect.ImmutableSortedAsList,0.072
32.0.0,com.google.common.cache.ReferenceEntry,0.072
32.0.0,com.google.common.collect.SortedMultiset,0.072
32.0.0,com.google.common.collect.FilteredSetMultimap,0.071
32.0.0,com.google.common.collect.ImmutableAsList,0.071
32.0.0,com.google.common.collect.SortedIterables,0.071
32.0.0,com.google.common.collect.SortedLists,0.071
33.7.2,com.google.common.base.Preconditions,1.0
33.7.2,com.google.common.collect.ImmutableList,0.338
33.7.2,com.google.common.collect.Maps,0.316
33.7.2,com.google.common.base.Function,0.298
33.7.2,com.google.common.collect.UnmodifiableIterator,0.278
33.7.2,com.google.common.collect.ImmutableMap,0.268
33.7.2,com.google.common.collect.ImmutableSet,0.261
33.7.2,com.google.common.collect.Iterators,0.261
33.7.2,com.google.common.collect.Multiset,0.217
33.7.2,com.google.common.base.Predicate,0.213
33.7.2,com.google.common.base.Supplier,0.209
33.7.2,com.google.common.collect.Ordering,0.196
33.7.2,com.google.common.collect.Sets,0.189
33.7.2,com.google.common.collect.Multimap,0.186
33.7.2,com.google.common.collect.AbstractIterator,0.178
33.7.2,com.google.common.base.MoreObjects,0.177
33.7.2,com.google.common.collect.ImmutableCollection,0.17
33.7.2,com.google.common.collect.CollectPreconditions,0.166
33.7.2,com.google.common.collect.Range,0.148
33.7.2,com.google.common.primitives.Ints,0.147
33.7.2,com.google.common.collect.Iterables,0.145
33.7.2,com.google.common.collect.Lists,0.134
33.7.2,com.google.common.util.concurrent.ListenableFuture,0.134
33.7.2,com.google.common.collect.SetMultimap,0.129
33.7.2,com.google.common.collect.CollectSpliterators,0.127
33.7.2,com.google.common.math.IntMath,0.127
33.7.2,com.google.common.collect.Multisets,0.117
33.7.2,com.google.common.collect.Serialization,0.109
33.7.2,com.google.common.collect.ImmutableSortedSet,0.109
33.7.2,com.google.common.base.Predicates,0.108
33.7.2,com.google.common.collect.BoundType,0.106
33.7.2,com.google.common.collect.ForwardingObject,0.106
33.7.2,com.google.common.collect.Collections2,0.105
33.7.2,com.google.common.collect.FluentIterable,0.102
33.7.2,com.google.common.collect.AbstractMultiset,0.102
33.7.2,com.google.common.collect.AbstractMapBasedMultimap,0.101
33.7.2,com.google.common.collect.Cut,0.099
33.7.2,com.google.common.collect.ListMultimap,0.098
33.7.2,com.google.common.collect.ImmutableMultiset,0.097
33.7.2,com.google.common.collect.ForwardingCollection,0.096
33.7.2,com.google.common.collect.Table,0.095
33.7.2,com.google.common.collect.ObjectArrays,0.095
33.7.2,com.google.common.collect.ImmutableMultimap,0.094
33.7.2,com.google.common.base.Ascii,0.094
33.7.2,com.google.common.collect.IndexedImmutableSet,0.094
33.7.2,com.google.common.collect.RegularImmutableSortedSet,0.094
33.7.2,com.google.common.graph.EndpointPair,0.093
33.7.2,com.google.common.collect.AbstractMultimap,0.093
33.7.2,com.google.common.collect.Synchronized,0.093
33.7.2,com.google.common.collect.Hashing,0.093
33.7.2,com.google.common.math.LongMath,0.093
33.7.2,com.google.common.base.Equivalence,0.093
33.7.2,com.google.common.collect.MapMakerInternalMap,0.092
33.7.2,com.google.common.collect.NullnessCasts,0.091
33.7.2,com.google.common.collect.ForwardingSet,0.091
33.7.2,com.google.common.collect.CollectCollectors,0.09
33.7.2,com.google.common.collect.Platform,0.088
33.7.2,com.google.common.collect.Multimaps,0.087
33.7.2,com.google.common.base.Converter,0.087
33.7.2,com.google.common.collect.BiMap,0.086
33.7.2,com.google.common.collect.ImmutableListMultimap,0.083
33.7.2,com.google.common.primitives.Longs,0.083
33.7.2,com.google.common.collect.DiscreteDomain,0.082
33.7.2,com.google.common.collect.AbstractMapBasedMultiset,0.081
33.7.2,com.google.common.collect.FilteredEntryMultimap,0.08
33.7.2,com.google.common.collect.SortedSetMultimap,0.08
33.7.2,com.google.common.collect.TransformedIterator,0.079
33.7.2,com.google.common.math.DoubleUtils,0.079
33.7.2,com.google.common.collect.ImmutableBiMap,0.078
33.7.2,com.google.common.math.MathPreconditions,0.078
33.7.2,com.google.common.collect.MultimapBuilder,0.078
33.7.2,com.google.common.base.Optional,0.078
33.7.2,com.google.common.util.concurrent.MoreExecutors,0.077
33.7.2,com.google.common.collect.ImmutableSortedMap,0.077
33.7.2,com.google.common.util.concurrent.LazyLogger,0.076
33.7.2,com.google.common.collect.ImmutableMapEntrySet,0.076
33.7.2,com.google.common.collect.ForwardingMap,0.076
33.7.2,com.google.common.collect.SortedIterable,0.076
33.7.2,com.google.common.collect.FilteredMultimap,0.076
33.7.2,com.google.common.collect.AbstractSetMultimap,0.075
33.7.2,com.google.common.base.Joiner,0.075
33.7.2,com.google.common.collect.MapMaker,0.074
33.7.2,com.google.common.collect.ImmutableMapKeySet,0.074
33.7.2,com.google.common.collect.ImmutableSetMultimap,0.073
33.7.2,com.google.common.collect.ImmutableRangeSet,0.073
33.7.2,com.google.common.collect.ImmutableSortedAsList,0.072
33.7.2,com.google.common.collect.FilteredKeyMultimap,0.072
33.7.2,com.google.common.collect.SortedIterables,0.071
33.7.2,com.google.common.collect.SortedLists,0.071
33.7.2,com.google.common.collect.SortedMultiset,0.071
33.7.2,com.google.common.collect.Count,0.071
33.7.2,com.google.common.hash.HashFunction,0.07
