version,classes,packages,class_dependencies,raw_dependency_rows,connected_classes,isolated_classes,noise_classes,noise_pct,classes_without_noise,isolated_after_noise_removal,dependencies_without_noise
10.0,310,9,1289,10664,302,8,61,20.2,241,37,381
12.0,364,12,1597,12404,354,10,71,20.06,283,45,396
14.0,399,12,1945,15494,390,9,74,18.97,316,50,476
16.0,435,16,2121,16076,425,10,79,18.59,346,58,550
18.0,439,16,2112,16117,429,10,82,19.11,347,53,540
20.0,499,17,2453,17272,491,8,90,18.33,401,52,727
22.0,514,17,2534,17741,506,8,94,18.58,412,56,734
24.0,534,17,2633,18417,527,7,94,17.84,433,52,810
26.0,541,17,2686,18632,535,6,85,15.89,450,53,843
28.0,539,17,2699,18642,533,6,84,15.76,449,52,855
30.0,553,17,2769,19338,547,6,94,17.18,453,54,853
32.0.0,558,17,2821,18974,553,5,95,17.18,458,55,866
33.7.2,554,17,2750,18785,549,5,92,16.76,457,52,864
