from,to,A1,A2,A3,A4,PKG
10.0,12.0,0.7594,0.7368,0.616,0.4722,1.0
12.0,14.0,0.4692,0.5891,0.5186,0.5066,1.0
14.0,16.0,0.7095,0.6562,0.4807,0.4941,1.0
16.0,18.0,0.895,0.8258,0.5381,0.5583,1.0
18.0,20.0,0.7197,0.8387,0.5037,0.5363,1.0
20.0,22.0,0.7625,0.7722,0.4959,0.6564,1.0
22.0,24.0,0.8291,0.7999,0.6166,0.6718,1.0
24.0,26.0,0.9645,0.9617,0.6119,0.5981,1.0
26.0,28.0,0.9162,0.8921,0.6858,0.7335,1.0
28.0,30.0,0.8981,0.8068,0.6348,0.6881,1.0
30.0,32.0.0,0.9421,0.7867,0.6122,0.6066,1.0
32.0.0,33.7.0,0.8128,0.747,0.5698,0.5603,1.0
