package,top_level_classes
com.google.common.annotations,4
com.google.common.base,45
com.google.common.base.internal,1
com.google.common.cache,21
com.google.common.collect,221
com.google.common.escape,9
com.google.common.eventbus,10
com.google.common.graph,49
com.google.common.hash,32
com.google.common.html,1
com.google.common.io,34
com.google.common.math,14
com.google.common.net,8
com.google.common.primitives,24
com.google.common.reflect,15
com.google.common.util.concurrent,77
com.google.common.xml,1
com.google.thirdparty.publicsuffix,3
