tag,date,kind,analysed
2.0,2010-01-11,major,no
1.0,2010-04-09,major,no
3.0,2010-06-03,major,no
4.0,2010-06-03,major,no
5.0,2010-06-03,major,no
6.0,2010-07-08,major,no
7.0,2010-09-22,major,no
8.0,2011-01-31,major,no
9.0,2011-04-08,major,no
10.0-rc1,2011-09-13,release-candidate,no
10.0-rc2,2011-09-19,release-candidate,no
10.0-rc3,2011-09-23,release-candidate,no
10.0,2011-09-27,major,yes
10.0.1,2011-10-10,patch,no
11.0-rc1,2011-12-14,release-candidate,no
11.0,2011-12-17,major,no
11.0.1,2012-01-09,patch,no
11.0.2,2012-02-22,patch,no
12.0-rc1,2012-03-30,release-candidate,no
12.0-rc2,2012-04-17,release-candidate,no
12.0,2012-04-30,major,yes
13.0-rc1,2012-06-26,release-candidate,no
12.0.1,2012-07-10,patch,no
13.0-final,2012-07-20,other,no
13.0-rc2,2012-07-20,release-candidate,no
13.0,2012-08-02,major,no
13.0.1,2012-08-27,patch,no
14.0-rc1,2012-12-14,release-candidate,no
14.0-rc2,2013-01-17,release-candidate,no
14.0-rc3,2013-02-13,release-candidate,no
14.0,2013-02-25,major,yes
14.0.1,2013-03-14,patch,no
15.0-rc1,2013-08-23,release-candidate,no
15.0,2013-09-06,major,no
15.0-cdi1.0,2013-10-28,other,no
16.0-rc1,2013-12-19,release-candidate,no
16.0,2014-01-17,major,yes
16.0.1,2014-02-03,patch,no
17.0-rc1,2014-04-08,release-candidate,no
17.0-rc2,2014-04-10,release-candidate,no
17.0,2014-04-22,major,no
18.0-rc1,2014-08-05,release-candidate,no
18.0-rc2,2014-08-18,release-candidate,no
18.0,2014-08-25,major,yes
19.0-rc1,2015-07-23,release-candidate,no
19.0-rc2,2015-09-11,release-candidate,no
19.0-rc3,2015-12-01,release-candidate,no
19.0,2015-12-09,major,no
20.0-rc1,2016-10-04,release-candidate,no
20.0,2016-10-28,major,yes
21.0-rc1,2016-12-19,release-candidate,no
21.0-rc2,2017-01-03,release-candidate,no
21.0,2017-01-12,major,no
22.0-rc1,2017-05-02,release-candidate,no
22.0,2017-05-22,major,yes
23.0-rc1,2017-07-24,release-candidate,no
23.0,2017-08-04,major,no
23.1,2017-09-27,minor,no
23.2,2017-10-11,minor,no
23.3,2017-10-26,minor,no
23.4,2017-11-09,minor,no
23.5,2017-11-22,minor,no
23.6,2017-12-20,minor,no
24.0,2018-02-01,major,yes
24.1,2018-03-14,minor,no
25.0,2018-04-25,major,no
24.1.1,2018-04-25,patch,no
25.1,2018-05-23,minor,no
23.6.1,2018-05-29,patch,no
26.0,2018-08-01,major,yes
27.0,2018-10-18,major,no
27.0.1,2018-11-19,patch,no
27.1,2019-03-08,minor,no
28.0,2019-06-11,major,yes
28.1,2019-08-28,minor,no
28.2,2019-12-26,minor,no
29.0,2020-04-13,major,no
30.0,2020-10-16,major,yes
30.1,2020-12-14,minor,no
30.1.1,2021-03-19,patch,no
31.0,2021-09-24,major,no
31.0.1,2021-09-27,patch,no
31.1,2022-02-28,minor,no
32.0.0,2023-05-26,major,yes
32.0.1,2023-06-08,patch,no
32.1.0,2023-06-29,minor,no
32.1.1,2023-06-30,patch,no
32.1.2,2023-07-31,patch,no
32.1.3,2023-10-10,patch,no
33.0.0,2023-12-18,major,no
33.1.0,2024-03-13,minor,no
33.2.0,2024-05-01,minor,no
33.2.1,2024-05-31,patch,no
33.3.0,2024-08-16,minor,no
33.3.1,2024-09-23,patch,no
33.4.0,2024-12-16,minor,no
33.4.3,2025-03-19,patch,no
33.4.5,2025-03-19,patch,no
33.4.1,2025-03-19,patch,no
33.4.4,2025-03-19,patch,no
33.4.2,2025-03-19,patch,no
33.4.6,2025-03-25,patch,no
33.4.7,2025-04-07,patch,no
33.4.8,2025-04-14,patch,no
33.5.0,2025-09-17,minor,no
33.6.0,2026-04-14,minor,no
33.7.0,2026-08-17,minor,yes
33.7.1,2026-08-17,patch,no
33.7.2,2026-09-29,patch,no
