tag,date,kind,analysed
0.8.0,2024-02-26,GA,yes
0.8.1,2024-03-12,patch,no
1.0.0-M1,2024-05-28,milestone,yes
1.0.0-M2,2024-08-23,milestone,yes
1.0.0-M3,2024-10-20,milestone,yes
1.0.0-M4,2024-11-20,milestone,yes
1.0.0-M5,2024-12-23,milestone,yes
1.0.0-M6,2025-02-14,milestone,yes
1.0.0-M7,2025-04-10,milestone,yes
1.0.0-M8,2025-04-30,milestone,yes
1.0.0-RC1,2025-05-13,release-candidate,no
1.0.0,2025-05-19,GA,yes
1.0.1,2025-07-28,patch,no
1.1.0-M1,2025-09-08,milestone,yes
1.0.2,2025-09-12,patch,no
1.1.0-M2,2025-09-22,milestone,yes
1.0.3,2025-10-01,patch,no
1.1.0-M3,2025-10-03,milestone,yes
1.1.0-M4,2025-11-01,milestone,yes
1.1.0-RC1,2025-11-08,release-candidate,no
1.1.0,2025-11-12,GA,yes
1.1.1,2025-12-04,patch,no
1.1.2,2025-12-08,patch,no
2.0.0-M1,2025-12-11,milestone,yes
2.0.0-M2,2026-01-23,milestone,yes
1.0.4,2026-03-16,patch,no
1.1.3,2026-03-16,patch,no
2.0.0-M3,2026-03-16,milestone,yes
1.0.5,2026-03-26,patch,no
1.1.4,2026-03-26,patch,no
2.0.0-M4,2026-03-26,milestone,yes
1.0.6,2026-04-27,patch,no
1.1.5,2026-04-27,patch,no
2.0.0-M5,2026-04-27,milestone,yes
1.0.7,2026-05-08,patch,no
1.1.6,2026-05-08,patch,no
2.0.0-M6,2026-05-08,milestone,yes
1.0.8,2026-05-22,patch,no
1.1.7,2026-05-22,patch,no
2.0.0-M7,2026-05-22,milestone,yes
2.0.0-M8,2026-05-27,milestone,yes
2.0.0-RC1,2026-06-06,release-candidate,no
2.0.0-RC2,2026-06-09,release-candidate,no
1.0.9,2026-06-12,patch,no
1.1.8,2026-06-12,patch,no
2.0.0,2026-06-12,GA,yes
2.0.1,2026-08-20,patch,no
2.1.0-M1,2026-09-24,milestone,yes
