version,bom_artifacts,modules_with_code,packages,class_files,top_level_classes,jar
0.8.0,21,21,84,543,290,data/workspace/0.8.0/bin/spring-ai-0.8.0.jar
1.0.0-M1,35,35,143,957,489,data/workspace/1.0.0-M1/bin/spring-ai-1.0.0-M1.jar
1.0.0-M2,42,42,186,1371,667,data/workspace/1.0.0-M2/bin/spring-ai-1.0.0-M2.jar
1.0.0-M3,45,45,200,1438,707,data/workspace/1.0.0-M3/bin/spring-ai-1.0.0-M3.jar
1.0.0-M4,47,47,210,1496,739,data/workspace/1.0.0-M4/bin/spring-ai-1.0.0-M4.jar
1.0.0-M5,48,48,229,1576,760,data/workspace/1.0.0-M5/bin/spring-ai-1.0.0-M5.jar
1.0.0-M6,51,51,231,1542,775,data/workspace/1.0.0-M6/bin/spring-ai-1.0.0-M6.jar
1.0.0-M7,105,104,240,1619,828,data/workspace/1.0.0-M7/bin/spring-ai-1.0.0-M7.jar
1.0.0-M8,106,104,239,1572,812,data/workspace/1.0.0-M8/bin/spring-ai-1.0.0-M8.jar
1.0.0,105,102,228,1562,783,data/workspace/1.0.0/bin/spring-ai-1.0.0.jar
1.1.0-M1,111,110,252,1717,847,data/workspace/1.1.0-M1/bin/spring-ai-1.1.0-M1.jar
1.1.0-M2,114,113,265,1807,895,data/workspace/1.1.0-M2/bin/spring-ai-1.1.0-M2.jar
1.1.0-M3,117,115,269,1856,911,data/workspace/1.1.0-M3/bin/spring-ai-1.1.0-M3.jar
1.1.0-M4,117,116,270,1903,928,data/workspace/1.1.0-M4/bin/spring-ai-1.1.0-M4.jar
1.1.0,119,117,270,1908,929,data/workspace/1.1.0/bin/spring-ai-1.1.0.jar
2.0.0-M1,121,120,275,1969,962,data/workspace/2.0.0-M1/bin/spring-ai-2.0.0-M1.jar
2.0.0-M2,131,130,286,2025,995,data/workspace/2.0.0-M2/bin/spring-ai-2.0.0-M2.jar
2.0.0-M3,131,130,307,2177,1112,data/workspace/2.0.0-M3/bin/spring-ai-2.0.0-M3.jar
2.0.0-M4,131,130,307,2184,1113,data/workspace/2.0.0-M4/bin/spring-ai-2.0.0-M4.jar
2.0.0-M5,122,121,282,1899,1007,data/workspace/2.0.0-M5/bin/spring-ai-2.0.0-M5.jar
2.0.0-M6,118,118,279,1915,997,data/workspace/2.0.0-M6/bin/spring-ai-2.0.0-M6.jar
2.0.0-M7,113,112,273,1894,980,data/workspace/2.0.0-M7/bin/spring-ai-2.0.0-M7.jar
2.0.0-M8,113,112,274,1902,983,data/workspace/2.0.0-M8/bin/spring-ai-2.0.0-M8.jar
2.0.0,116,112,278,1901,988,data/workspace/2.0.0/bin/spring-ai-2.0.0.jar
2.1.0-M1,119,116,286,2015,1039,data/workspace/2.1.0-M1/bin/spring-ai-2.1.0-M1.jar
