version,graph,patterns,max_cluster_size,classes,edges,clusters,singletons,max_cluster,mean_cluster,cohesion,coupling,basic_mq,turbo_mq,turbo_mq_norm,intra_ratio
2.1.0-M1,full,bso,5,1016,3725,146,0,57,6.959,0.21347,0.001977,0.2115,64.314,0.4405,0.4379
2.1.0-M1,full,bso,10,1016,3725,129,0,57,7.876,0.20663,0.001556,0.20507,59.645,0.4624,0.4545
2.1.0-M1,full,bso,20,1016,3725,124,0,90,8.194,0.2061,0.001544,0.20456,57.938,0.4672,0.4725
2.1.0-M1,full,bso,40,1016,3725,124,0,90,8.194,0.20689,0.001533,0.20536,57.833,0.4664,0.4749
2.1.0-M1,full,bso,80,1016,3725,124,0,90,8.194,0.20689,0.001533,0.20536,57.833,0.4664,0.4749
2.1.0-M1,full,so,5,1016,3725,146,0,57,6.959,0.21347,0.001977,0.2115,64.314,0.4405,0.4379
2.1.0-M1,full,so,10,1016,3725,129,0,57,7.876,0.20663,0.001556,0.20507,59.645,0.4624,0.4545
2.1.0-M1,full,so,20,1016,3725,124,0,90,8.194,0.2061,0.001544,0.20456,57.938,0.4672,0.4725
2.1.0-M1,full,so,40,1016,3725,124,0,90,8.194,0.20689,0.001533,0.20536,57.833,0.4664,0.4749
2.1.0-M1,full,so,80,1016,3725,124,0,90,8.194,0.20689,0.001533,0.20536,57.833,0.4664,0.4749
2.1.0-M1,full,bs,5,1016,3725,146,0,406,6.959,0.22205,0.001137,0.22091,48.176,0.33,0.3866
2.1.0-M1,full,bs,10,1016,3725,129,0,406,7.876,0.2143,0.001035,0.21326,44.944,0.3484,0.3962
2.1.0-M1,full,bs,20,1016,3725,124,0,406,8.194,0.21299,0.001015,0.21198,43.654,0.352,0.4035
2.1.0-M1,full,bs,40,1016,3725,124,0,406,8.194,0.21392,0.00101,0.21291,43.668,0.3522,0.4059
2.1.0-M1,full,bs,80,1016,3725,124,0,406,8.194,0.21392,0.00101,0.21291,43.668,0.3522,0.4059
2.1.0-M1,nonoise,bso,5,879,2582,139,0,39,6.324,0.21219,0.001911,0.21028,67.919,0.4886,0.4961
2.1.0-M1,nonoise,bso,10,879,2582,123,0,49,7.146,0.20543,0.001497,0.20393,63.687,0.5178,0.517
2.1.0-M1,nonoise,bso,20,879,2582,120,0,68,7.325,0.20545,0.001483,0.20396,61.974,0.5165,0.5259
2.1.0-M1,nonoise,bso,40,879,2582,120,0,68,7.325,0.20545,0.001483,0.20396,61.974,0.5165,0.5259
2.1.0-M1,nonoise,bso,80,879,2582,120,0,68,7.325,0.20545,0.001483,0.20396,61.974,0.5165,0.5259
2.1.0-M1,nonoise,so,5,879,2582,139,0,39,6.324,0.21219,0.001911,0.21028,67.919,0.4886,0.4961
2.1.0-M1,nonoise,so,10,879,2582,123,0,49,7.146,0.20543,0.001497,0.20393,63.687,0.5178,0.517
2.1.0-M1,nonoise,so,20,879,2582,120,0,68,7.325,0.20545,0.001483,0.20396,61.974,0.5165,0.5259
2.1.0-M1,nonoise,so,40,879,2582,120,0,68,7.325,0.20545,0.001483,0.20396,61.974,0.5165,0.5259
2.1.0-M1,nonoise,so,80,879,2582,120,0,68,7.325,0.20545,0.001483,0.20396,61.974,0.5165,0.5259
2.1.0-M1,nonoise,bs,5,879,2582,139,0,299,6.324,0.22183,0.001155,0.22067,53.751,0.3867,0.3703
2.1.0-M1,nonoise,bs,10,879,2582,123,0,299,7.146,0.21435,0.001039,0.21331,50.739,0.4125,0.3834
2.1.0-M1,nonoise,bs,20,879,2582,120,0,299,7.325,0.21477,0.001,0.21377,49.46,0.4122,0.39
2.1.0-M1,nonoise,bs,40,879,2582,120,0,299,7.325,0.21477,0.001,0.21377,49.46,0.4122,0.39
2.1.0-M1,nonoise,bs,80,879,2582,120,0,299,7.325,0.21477,0.001,0.21377,49.46,0.4122,0.39
