from,to,days,commits,authors,commits_per_month
0.8.0,1.0.0-M1,92,345,71,114.2
1.0.0-M1,1.0.0-M2,87,324,81,113.4
1.0.0-M2,1.0.0-M3,58,146,35,76.6
1.0.0-M3,1.0.0-M4,31,230,47,225.8
1.0.0-M4,1.0.0-M5,33,178,24,164.2
1.0.0-M5,1.0.0-M6,53,170,44,97.6
1.0.0-M6,1.0.0-M7,55,184,61,101.8
1.0.0-M7,1.0.0-M8,20,104,41,158.3
1.0.0-M8,1.0.0,19,183,52,293.2
1.0.0,1.1.0-M1,112,415,111,112.8
1.1.0-M1,1.1.0-M2,14,62,32,134.8
1.1.0-M2,1.1.0-M3,11,46,31,127.3
1.1.0-M3,1.1.0-M4,29,128,46,134.4
1.1.0-M4,1.1.0,11,60,26,166.0
1.1.0,2.0.0-M1,29,94,30,98.7
2.0.0-M1,2.0.0-M2,43,122,33,86.4
2.0.0-M2,2.0.0-M3,52,202,37,118.2
2.0.0-M3,2.0.0-M4,10,24,12,73.1
2.0.0-M4,2.0.0-M5,32,101,15,96.1
2.0.0-M5,2.0.0-M6,11,83,14,229.7
2.0.0-M6,2.0.0-M7,14,71,21,154.4
2.0.0-M7,2.0.0-M8,5,29,9,176.6
2.0.0-M8,2.0.0,16,235,32,447.1
2.0.0,2.1.0-M1,104,251,59,73.5
