from,to,dependencies,added,removed
0.8.0,1.0.0-M1,1593,1154,388
1.0.0-M1,1.0.0-M2,2329,916,180
1.0.0-M2,1.0.0-M3,2680,400,49
1.0.0-M3,1.0.0-M4,2895,281,66
1.0.0-M4,1.0.0-M5,3053,534,376
1.0.0-M5,1.0.0-M6,3104,334,283
1.0.0-M6,1.0.0-M7,3241,815,678
1.0.0-M7,1.0.0-M8,3097,231,375
1.0.0-M8,1.0.0,2969,283,411
1.0.0,1.1.0-M1,3194,258,33
1.1.0-M1,1.1.0-M2,3365,185,14
1.1.0-M2,1.1.0-M3,3387,45,23
1.1.0-M3,1.1.0-M4,3472,94,9
1.1.0-M4,1.1.0,3440,50,82
1.1.0,2.0.0-M1,3590,155,5
2.0.0-M1,2.0.0-M2,3746,181,25
2.0.0-M2,2.0.0-M3,4181,532,97
2.0.0-M3,2.0.0-M4,4181,4,4
2.0.0-M4,2.0.0-M5,3583,76,674
2.0.0-M5,2.0.0-M6,3554,58,87
2.0.0-M6,2.0.0-M7,3520,25,59
2.0.0-M7,2.0.0-M8,3538,67,49
2.0.0-M8,2.0.0,3451,143,230
2.0.0,2.1.0-M1,3725,277,3
