version,arch,k,inertia,silhouette
0.8.0,A3,4,245.32,0.0854
0.8.0,A3,6,233.295,0.1245
0.8.0,A3,8,216.882,0.1599
0.8.0,A3,10,208.411,0.1755
0.8.0,A3,12,196.462,0.2054
0.8.0,A3,14,187.538,0.2277
0.8.0,A3,16,178.811,0.2457
0.8.0,A3,18,166.163,0.2819
0.8.0,A3,20,158.949,0.3043
0.8.0,A3,22,148.27,0.3344
0.8.0,A3,24,141.438,0.3579
0.8.0,A3,26,132.889,0.3837
0.8.0,A3,28,125.245,0.4082
0.8.0,A3,30,119.475,0.4233
0.8.0,A3,32,113.859,0.4383
0.8.0,A3,34,107.021,0.46
0.8.0,A3,36,101.422,0.4668
0.8.0,A3,38,97.643,0.4796
0.8.0,A3,40,93.192,0.4791
0.8.0,A3,42,88.599,0.4922
0.8.0,A3,44,84.106,0.5078
0.8.0,A3,46,79.344,0.5204
0.8.0,A3,48,75.646,0.5315
0.8.0,A3,50,71.386,0.544
0.8.0,A3,52,70.133,0.5286
0.8.0,A3,54,64.582,0.5523
0.8.0,A3,56,62.776,0.5535
0.8.0,A3,58,60.68,0.5582
0.8.0,A3,60,56.279,0.572
0.8.0,A3,62,52.753,0.5828
0.8.0,A3,64,49.646,0.5875
0.8.0,A3,66,47.617,0.5953
0.8.0,A3,68,44.784,0.6064
0.8.0,A3,70,42.62,0.6055
0.8.0,A3,72,41.751,0.6011
0.8.0,A3,74,39.53,0.6071
0.8.0,A3,76,38.243,0.6094
0.8.0,A3,78,37.545,0.5961
0.8.0,A3,80,36.753,0.59
0.8.0,A3,82,35.066,0.5755
0.8.0,A3,84,33.909,0.5727
0.8.0,A3,86,32.992,0.5674
0.8.0,A3,88,32.068,0.569
0.8.0,A3,90,31.151,0.5644
0.8.0,A3,92,30.093,0.5593
0.8.0,A4,4,224.729,0.1063
0.8.0,A4,6,214.115,0.139
0.8.0,A4,8,203.844,0.1582
0.8.0,A4,10,191.167,0.2074
0.8.0,A4,12,182.189,0.2245
0.8.0,A4,14,170.854,0.2492
0.8.0,A4,16,160.192,0.2882
0.8.0,A4,18,152.607,0.302
0.8.0,A4,20,142.309,0.3409
0.8.0,A4,22,137.32,0.3461
0.8.0,A4,24,126.651,0.3872
0.8.0,A4,26,118.322,0.4195
0.8.0,A4,28,112.092,0.4379
0.8.0,A4,30,105.563,0.4636
0.8.0,A4,32,97.837,0.4811
0.8.0,A4,34,91.008,0.5028
0.8.0,A4,36,84.279,0.5318
0.8.0,A4,38,79.744,0.5413
0.8.0,A4,40,75.685,0.5513
0.8.0,A4,42,72.002,0.5548
0.8.0,A4,44,68.279,0.5714
0.8.0,A4,46,65.236,0.5748
0.8.0,A4,48,60.762,0.5928
0.8.0,A4,50,58.18,0.5806
0.8.0,A4,52,53.91,0.6014
0.8.0,A4,54,51.31,0.6052
0.8.0,A4,56,46.728,0.6377
0.8.0,A4,58,43.358,0.6382
0.8.0,A4,60,41.43,0.6355
0.8.0,A4,62,38.859,0.6439
0.8.0,A4,64,34.906,0.6658
0.8.0,A4,66,33.212,0.654
0.8.0,A4,68,31.744,0.6441
0.8.0,A4,70,30.255,0.6505
0.8.0,A4,72,28.34,0.6769
0.8.0,A4,74,28.679,0.6183
0.8.0,A4,76,27.226,0.619
0.8.0,A4,78,25.588,0.645
0.8.0,A4,80,24.132,0.6488
0.8.0,A4,82,23.741,0.6197
0.8.0,A4,84,23.003,0.6395
0.8.0,A4,86,21.817,0.6195
1.0.0-M1,A3,4,418.419,0.0824
1.0.0-M1,A3,8,380.425,0.1403
1.0.0-M1,A3,12,342.721,0.1962
1.0.0-M1,A3,16,315.859,0.242
1.0.0-M1,A3,20,284.003,0.2921
1.0.0-M1,A3,24,261.527,0.3238
1.0.0-M1,A3,28,236.196,0.3721
1.0.0-M1,A3,32,215.759,0.4104
1.0.0-M1,A3,36,190.884,0.459
1.0.0-M1,A3,40,176.664,0.4839
1.0.0-M1,A3,44,158.966,0.5177
1.0.0-M1,A3,48,140.819,0.5402
1.0.0-M1,A3,52,127.248,0.572
1.0.0-M1,A3,56,115.666,0.5841
1.0.0-M1,A3,60,103.244,0.6095
1.0.0-M1,A3,64,93.951,0.6267
1.0.0-M1,A3,68,87.564,0.6186
1.0.0-M1,A3,72,81.669,0.6202
1.0.0-M1,A3,76,76.265,0.6202
1.0.0-M1,A3,80,74.264,0.6024
1.0.0-M1,A3,84,69.327,0.607
1.0.0-M1,A3,88,66.57,0.5962
1.0.0-M1,A3,92,62.856,0.6107
1.0.0-M1,A3,96,60.738,0.5987
1.0.0-M1,A3,100,57.711,0.6007
1.0.0-M1,A3,104,56.313,0.5763
1.0.0-M1,A3,108,54.577,0.5758
1.0.0-M1,A3,112,52.287,0.5515
1.0.0-M1,A3,116,50.45,0.5708
1.0.0-M1,A3,120,47.686,0.5786
1.0.0-M1,A3,124,46.765,0.5588
1.0.0-M1,A3,128,45.458,0.5448
1.0.0-M1,A3,132,43.479,0.5589
1.0.0-M1,A3,136,42.231,0.5413
1.0.0-M1,A3,140,40.212,0.5363
1.0.0-M1,A3,144,38.76,0.5353
1.0.0-M1,A3,148,37.931,0.5058
1.0.0-M1,A3,152,36.509,0.5146
1.0.0-M1,A3,156,34.504,0.5217
1.0.0-M1,A4,4,334.555,0.0719
1.0.0-M1,A4,7,310.828,0.1287
1.0.0-M1,A4,10,284.148,0.1924
1.0.0-M1,A4,13,261.355,0.2476
1.0.0-M1,A4,16,244.285,0.2883
1.0.0-M1,A4,19,222.552,0.3414
1.0.0-M1,A4,22,202.882,0.3959
1.0.0-M1,A4,25,186.975,0.4401
1.0.0-M1,A4,28,172.988,0.4564
1.0.0-M1,A4,31,155.718,0.4958
1.0.0-M1,A4,34,143.392,0.539
1.0.0-M1,A4,37,128.514,0.5677
1.0.0-M1,A4,40,115.492,0.6037
1.0.0-M1,A4,43,97.851,0.6558
1.0.0-M1,A4,46,93.872,0.6459
1.0.0-M1,A4,49,82.074,0.6887
1.0.0-M1,A4,52,72.819,0.7032
1.0.0-M1,A4,55,65.536,0.6976
1.0.0-M1,A4,58,54.005,0.7484
1.0.0-M1,A4,61,47.295,0.7595
1.0.0-M1,A4,64,43.77,0.7641
1.0.0-M1,A4,67,40.106,0.7429
1.0.0-M1,A4,70,35.652,0.7587
1.0.0-M1,A4,73,33.059,0.7525
1.0.0-M1,A4,76,30.676,0.7359
1.0.0-M1,A4,79,28.241,0.735
1.0.0-M1,A4,82,26.584,0.7405
1.0.0-M1,A4,85,24.775,0.7404
1.0.0-M1,A4,88,23.406,0.7352
1.0.0-M1,A4,91,21.491,0.7398
1.0.0-M1,A4,94,20.517,0.7326
1.0.0-M1,A4,97,19.471,0.7181
1.0.0-M1,A4,100,18.38,0.7164
1.0.0-M1,A4,103,17.044,0.7182
1.0.0-M1,A4,106,16.096,0.7106
1.0.0-M1,A4,109,14.883,0.7129
1.0.0-M1,A4,112,14.29,0.7137
1.0.0-M1,A4,115,13.256,0.7138
1.0.0-M1,A4,118,12.103,0.7146
1.0.0-M1,A4,121,11.87,0.6968
1.0.0-M2,A3,4,572.328,0.0783
1.0.0-M2,A3,10,507.296,0.1484
1.0.0-M2,A3,16,439.02,0.224
1.0.0-M2,A3,22,390.648,0.2888
1.0.0-M2,A3,28,343.301,0.3396
1.0.0-M2,A3,34,299.49,0.3985
1.0.0-M2,A3,40,261.891,0.4487
1.0.0-M2,A3,46,226.459,0.4986
1.0.0-M2,A3,52,195.773,0.536
1.0.0-M2,A3,58,163.52,0.5854
1.0.0-M2,A3,64,150.656,0.584
1.0.0-M2,A3,70,131.359,0.6047
1.0.0-M2,A3,76,117.036,0.6295
1.0.0-M2,A3,82,108.194,0.6272
1.0.0-M2,A3,88,100.572,0.6089
1.0.0-M2,A3,94,92.757,0.6229
1.0.0-M2,A3,100,88.557,0.6243
1.0.0-M2,A3,106,83.035,0.6085
1.0.0-M2,A3,112,79.151,0.6013
1.0.0-M2,A3,118,77.131,0.5744
1.0.0-M2,A3,124,71.583,0.5925
1.0.0-M2,A3,130,68.46,0.5905
1.0.0-M2,A3,136,65.132,0.6071
1.0.0-M2,A3,142,62.413,0.5783
1.0.0-M2,A3,148,59.821,0.5711
1.0.0-M2,A3,154,56.644,0.5818
1.0.0-M2,A3,160,53.598,0.5872
1.0.0-M2,A3,166,51.22,0.5828
1.0.0-M2,A3,172,48.783,0.5708
1.0.0-M2,A3,178,46.759,0.5667
1.0.0-M2,A3,184,44.365,0.5687
1.0.0-M2,A3,190,42.478,0.5643
1.0.0-M2,A3,196,40.767,0.5546
1.0.0-M2,A3,202,38.887,0.5406
1.0.0-M2,A3,208,36.774,0.5531
1.0.0-M2,A3,214,34.848,0.5484
1.0.0-M2,A4,4,462.128,0.0659
1.0.0-M2,A4,9,407.797,0.1576
1.0.0-M2,A4,14,356.733,0.244
1.0.0-M2,A4,19,314.352,0.3228
1.0.0-M2,A4,24,271.235,0.4009
1.0.0-M2,A4,29,238.403,0.4619
1.0.0-M2,A4,34,204.656,0.5178
1.0.0-M2,A4,39,174.12,0.5831
1.0.0-M2,A4,44,148.24,0.6177
1.0.0-M2,A4,49,123.517,0.6701
1.0.0-M2,A4,54,96.9,0.7202
1.0.0-M2,A4,59,76.844,0.7555
1.0.0-M2,A4,64,54.372,0.8086
1.0.0-M2,A4,69,42.231,0.8265
1.0.0-M2,A4,74,36.385,0.8256
1.0.0-M2,A4,79,32.325,0.8083
1.0.0-M2,A4,84,29.209,0.7905
1.0.0-M2,A4,89,26.473,0.7986
1.0.0-M2,A4,94,24.061,0.7899
1.0.0-M2,A4,99,21.16,0.7944
1.0.0-M2,A4,104,19.989,0.7878
1.0.0-M2,A4,109,18.395,0.7811
1.0.0-M2,A4,114,16.61,0.7697
1.0.0-M2,A4,119,15.392,0.7694
1.0.0-M2,A4,124,14.192,0.7586
1.0.0-M2,A4,129,12.843,0.762
1.0.0-M2,A4,134,11.643,0.7635
1.0.0-M2,A4,139,10.575,0.7578
1.0.0-M2,A4,144,9.547,0.7518
1.0.0-M2,A4,149,8.834,0.7461
1.0.0-M2,A4,154,7.846,0.7484
1.0.0-M2,A4,159,7.272,0.7497
1.0.0-M2,A4,164,6.869,0.6903
1.0.0-M3,A3,4,609.705,0.0767
1.0.0-M3,A3,10,534.036,0.1513
1.0.0-M3,A3,16,466.752,0.2386
1.0.0-M3,A3,22,416.643,0.2722
1.0.0-M3,A3,28,369.121,0.3421
1.0.0-M3,A3,34,321.395,0.4043
1.0.0-M3,A3,40,276.97,0.4617
1.0.0-M3,A3,46,238.245,0.5097
1.0.0-M3,A3,52,206.417,0.5485
1.0.0-M3,A3,58,183.236,0.5702
1.0.0-M3,A3,64,159.357,0.5979
1.0.0-M3,A3,70,144.642,0.6116
1.0.0-M3,A3,76,130.309,0.6125
1.0.0-M3,A3,82,115.221,0.6275
1.0.0-M3,A3,88,108.046,0.6351
1.0.0-M3,A3,94,98.652,0.6355
1.0.0-M3,A3,100,93.822,0.6284
1.0.0-M3,A3,106,88.738,0.6115
1.0.0-M3,A3,112,83.581,0.6114
1.0.0-M3,A3,118,80.467,0.594
1.0.0-M3,A3,124,75.408,0.5924
1.0.0-M3,A3,130,72.66,0.6096
1.0.0-M3,A3,136,69.618,0.5932
1.0.0-M3,A3,142,65.084,0.5994
1.0.0-M3,A3,148,64.277,0.5784
1.0.0-M3,A3,154,60.953,0.5629
1.0.0-M3,A3,160,58.769,0.5723
1.0.0-M3,A3,166,56.4,0.5757
1.0.0-M3,A3,172,54.375,0.5509
1.0.0-M3,A3,178,50.399,0.5711
1.0.0-M3,A3,184,49.275,0.553
1.0.0-M3,A3,190,46.423,0.5541
1.0.0-M3,A3,196,44.892,0.5476
1.0.0-M3,A3,202,42.455,0.5366
1.0.0-M3,A3,208,40.947,0.5429
1.0.0-M3,A3,214,39.047,0.5431
1.0.0-M3,A3,220,38.006,0.5199
1.0.0-M3,A3,226,35.514,0.5429
1.0.0-M3,A4,4,516.133,0.0596
1.0.0-M3,A4,9,460.083,0.1428
1.0.0-M3,A4,14,406.386,0.223
1.0.0-M3,A4,19,358.733,0.3043
1.0.0-M3,A4,24,314.761,0.3698
1.0.0-M3,A4,29,269.904,0.4453
1.0.0-M3,A4,34,240.902,0.4978
1.0.0-M3,A4,39,205.55,0.5586
1.0.0-M3,A4,44,173.451,0.6078
1.0.0-M3,A4,49,148.275,0.6463
1.0.0-M3,A4,54,118.833,0.6982
1.0.0-M3,A4,59,94.816,0.7426
1.0.0-M3,A4,64,78.881,0.7751
1.0.0-M3,A4,69,60.4,0.7997
1.0.0-M3,A4,74,48.925,0.817
1.0.0-M3,A4,79,38.274,0.8344
1.0.0-M3,A4,84,33.768,0.8312
1.0.0-M3,A4,89,30.259,0.8288
1.0.0-M3,A4,94,26.691,0.8238
1.0.0-M3,A4,99,24.042,0.8089
1.0.0-M3,A4,104,21.596,0.802
1.0.0-M3,A4,109,19.532,0.7988
1.0.0-M3,A4,114,17.751,0.7955
1.0.0-M3,A4,119,16.053,0.7934
1.0.0-M3,A4,124,14.937,0.7812
1.0.0-M3,A4,129,13.743,0.7824
1.0.0-M3,A4,134,12.096,0.7866
1.0.0-M3,A4,139,11.219,0.7876
1.0.0-M3,A4,144,10.525,0.7667
1.0.0-M3,A4,149,9.27,0.7736
1.0.0-M3,A4,154,8.682,0.7732
1.0.0-M3,A4,159,7.885,0.7502
1.0.0-M3,A4,164,7.054,0.7461
1.0.0-M3,A4,169,6.717,0.7379
1.0.0-M3,A4,174,5.951,0.74
1.0.0-M3,A4,179,5.465,0.7295
1.0.0-M3,A4,184,5.104,0.7255
1.0.0-M4,A3,4,638.765,0.0819
1.0.0-M4,A3,11,545.118,0.1604
1.0.0-M4,A3,18,467.837,0.2533
1.0.0-M4,A3,25,404.012,0.3153
1.0.0-M4,A3,32,344.268,0.3921
1.0.0-M4,A3,39,295.35,0.4527
1.0.0-M4,A3,46,249.172,0.5046
1.0.0-M4,A3,53,216.175,0.5411
1.0.0-M4,A3,60,184.325,0.5794
1.0.0-M4,A3,67,159.627,0.6005
1.0.0-M4,A3,74,140.003,0.6193
1.0.0-M4,A3,81,122.84,0.6409
1.0.0-M4,A3,88,117.122,0.6077
1.0.0-M4,A3,95,107.181,0.6222
1.0.0-M4,A3,102,99.955,0.619
1.0.0-M4,A3,109,94.67,0.6039
1.0.0-M4,A3,116,91.28,0.5992
1.0.0-M4,A3,123,85.42,0.5846
1.0.0-M4,A3,130,80.684,0.5933
1.0.0-M4,A3,137,76.86,0.5723
1.0.0-M4,A3,144,72.274,0.5753
1.0.0-M4,A3,151,70.073,0.5515
1.0.0-M4,A3,158,66.675,0.5505
1.0.0-M4,A3,165,63.676,0.5528
1.0.0-M4,A3,172,60.411,0.5723
1.0.0-M4,A3,179,58.554,0.556
1.0.0-M4,A3,186,55.719,0.5484
1.0.0-M4,A3,193,51.872,0.5469
1.0.0-M4,A3,200,49.942,0.5542
1.0.0-M4,A3,207,46.668,0.557
1.0.0-M4,A3,214,45.723,0.5289
1.0.0-M4,A3,221,43.411,0.5193
1.0.0-M4,A3,228,41.484,0.5192
1.0.0-M4,A3,235,39.302,0.5094
1.0.0-M4,A4,4,547.944,0.0578
1.0.0-M4,A4,9,485.053,0.1497
1.0.0-M4,A4,14,431.932,0.2289
1.0.0-M4,A4,19,380.301,0.2981
1.0.0-M4,A4,24,329.681,0.3851
1.0.0-M4,A4,29,288.07,0.4486
1.0.0-M4,A4,34,245.661,0.5044
1.0.0-M4,A4,39,216.197,0.5555
1.0.0-M4,A4,44,181.755,0.6174
1.0.0-M4,A4,49,156.348,0.6542
1.0.0-M4,A4,54,129.275,0.6919
1.0.0-M4,A4,59,101.406,0.7404
1.0.0-M4,A4,64,77.76,0.7873
1.0.0-M4,A4,69,62.283,0.8002
1.0.0-M4,A4,74,52.896,0.8161
1.0.0-M4,A4,79,43.63,0.8241
1.0.0-M4,A4,84,37.659,0.8232
1.0.0-M4,A4,89,33.968,0.8152
1.0.0-M4,A4,94,30.706,0.8081
1.0.0-M4,A4,99,27.106,0.8005
1.0.0-M4,A4,104,25.768,0.7854
1.0.0-M4,A4,109,23.617,0.7948
1.0.0-M4,A4,114,21.705,0.7821
1.0.0-M4,A4,119,19.798,0.7775
1.0.0-M4,A4,124,18.427,0.7814
1.0.0-M4,A4,129,16.751,0.7725
1.0.0-M4,A4,134,15.281,0.7705
1.0.0-M4,A4,139,14.364,0.7669
1.0.0-M4,A4,144,13.126,0.7618
1.0.0-M4,A4,149,11.843,0.7559
1.0.0-M4,A4,154,10.92,0.75
1.0.0-M4,A4,159,9.814,0.764
1.0.0-M4,A4,164,9.19,0.7427
1.0.0-M4,A4,169,8.166,0.7586
1.0.0-M4,A4,174,7.869,0.7378
1.0.0-M4,A4,179,7.235,0.7212
1.0.0-M4,A4,184,6.56,0.7308
1.0.0-M4,A4,189,6.015,0.7276
1.0.0-M4,A4,194,5.656,0.7216
1.0.0-M5,A3,4,653.054,0.0875
1.0.0-M5,A3,11,551.895,0.1832
1.0.0-M5,A3,18,480.053,0.256
1.0.0-M5,A3,25,407.924,0.3397
1.0.0-M5,A3,32,354.654,0.3924
1.0.0-M5,A3,39,308.99,0.4436
1.0.0-M5,A3,46,265.048,0.4921
1.0.0-M5,A3,53,228.618,0.528
1.0.0-M5,A3,60,196.901,0.5638
1.0.0-M5,A3,67,173.948,0.5865
1.0.0-M5,A3,74,149.644,0.6083
1.0.0-M5,A3,81,139.948,0.5876
1.0.0-M5,A3,88,122.974,0.6355
1.0.0-M5,A3,95,114.21,0.6256
1.0.0-M5,A3,102,104.547,0.6289
1.0.0-M5,A3,109,100.414,0.5948
1.0.0-M5,A3,116,94.507,0.6043
1.0.0-M5,A3,123,89.67,0.5954
1.0.0-M5,A3,130,84.855,0.5793
1.0.0-M5,A3,137,79.805,0.5964
1.0.0-M5,A3,144,76.495,0.5807
1.0.0-M5,A3,151,73.951,0.5678
1.0.0-M5,A3,158,69.406,0.5778
1.0.0-M5,A3,165,67.262,0.545
1.0.0-M5,A3,172,64.281,0.5572
1.0.0-M5,A3,179,61.41,0.552
1.0.0-M5,A3,186,58.815,0.5393
1.0.0-M5,A3,193,56.756,0.5505
1.0.0-M5,A3,200,54.289,0.5199
1.0.0-M5,A3,207,51.482,0.5418
1.0.0-M5,A3,214,49.123,0.5376
1.0.0-M5,A3,221,46.038,0.5281
1.0.0-M5,A3,228,43.387,0.5402
1.0.0-M5,A3,235,41.605,0.5373
1.0.0-M5,A3,242,40.297,0.5159
1.0.0-M5,A4,4,563.405,0.0625
1.0.0-M5,A4,10,486.65,0.1703
1.0.0-M5,A4,16,424.488,0.2507
1.0.0-M5,A4,22,362.826,0.3526
1.0.0-M5,A4,28,308.387,0.4266
1.0.0-M5,A4,34,262.68,0.495
1.0.0-M5,A4,40,214.928,0.5656
1.0.0-M5,A4,46,178.186,0.621
1.0.0-M5,A4,52,143.761,0.6825
1.0.0-M5,A4,58,110.569,0.7339
1.0.0-M5,A4,64,88.179,0.7723
1.0.0-M5,A4,70,65.459,0.7982
1.0.0-M5,A4,76,52.779,0.8239
1.0.0-M5,A4,82,45.038,0.8152
1.0.0-M5,A4,88,36.493,0.8255
1.0.0-M5,A4,94,33.108,0.8191
1.0.0-M5,A4,100,29.299,0.8096
1.0.0-M5,A4,106,25.963,0.8127
1.0.0-M5,A4,112,23.13,0.8003
1.0.0-M5,A4,118,20.466,0.793
1.0.0-M5,A4,124,18.567,0.7935
1.0.0-M5,A4,130,16.89,0.7868
1.0.0-M5,A4,136,15.134,0.7925
1.0.0-M5,A4,142,13.341,0.7951
1.0.0-M5,A4,148,12.252,0.7753
1.0.0-M5,A4,154,11.145,0.7654
1.0.0-M5,A4,160,10.001,0.7597
1.0.0-M5,A4,166,9.25,0.7569
1.0.0-M5,A4,172,7.993,0.7678
1.0.0-M5,A4,178,7.522,0.7483
1.0.0-M5,A4,184,6.635,0.7424
1.0.0-M5,A4,190,6.172,0.7296
1.0.0-M5,A4,196,5.705,0.7211
1.0.0-M5,A4,202,5.143,0.7244
1.0.0-M6,A3,4,666.796,0.0838
1.0.0-M6,A3,11,568.974,0.1654
1.0.0-M6,A3,18,488.621,0.2516
1.0.0-M6,A3,25,425.745,0.3175
1.0.0-M6,A3,32,366.626,0.3897
1.0.0-M6,A3,39,318.405,0.4356
1.0.0-M6,A3,46,268.695,0.4977
1.0.0-M6,A3,53,226.355,0.5442
1.0.0-M6,A3,60,195.579,0.5744
1.0.0-M6,A3,67,172.839,0.592
1.0.0-M6,A3,74,151.254,0.6042
1.0.0-M6,A3,81,135.021,0.6316
1.0.0-M6,A3,88,121.985,0.6255
1.0.0-M6,A3,95,111.597,0.6489
1.0.0-M6,A3,102,107.184,0.6243
1.0.0-M6,A3,109,99.572,0.6068
1.0.0-M6,A3,116,94.68,0.6189
1.0.0-M6,A3,123,87.66,0.6095
1.0.0-M6,A3,130,83.367,0.5995
1.0.0-M6,A3,137,78.993,0.6029
1.0.0-M6,A3,144,74.959,0.6056
1.0.0-M6,A3,151,72.675,0.5776
1.0.0-M6,A3,158,68.723,0.5964
1.0.0-M6,A3,165,64.557,0.602
1.0.0-M6,A3,172,61.503,0.5873
1.0.0-M6,A3,179,60.154,0.5904
1.0.0-M6,A3,186,56.81,0.5823
1.0.0-M6,A3,193,54.329,0.5522
1.0.0-M6,A3,200,51.071,0.5632
1.0.0-M6,A3,207,48.699,0.5703
1.0.0-M6,A3,214,45.587,0.5785
1.0.0-M6,A3,221,44.575,0.5544
1.0.0-M6,A3,228,42.191,0.5599
1.0.0-M6,A3,235,40.027,0.5613
1.0.0-M6,A3,242,37.405,0.559
1.0.0-M6,A3,249,35.92,0.5615
1.0.0-M6,A4,4,534.556,0.0637
1.0.0-M6,A4,9,471.912,0.1509
1.0.0-M6,A4,14,414.97,0.2367
1.0.0-M6,A4,19,368.146,0.3102
1.0.0-M6,A4,24,324.702,0.3723
1.0.0-M6,A4,29,283.666,0.4406
1.0.0-M6,A4,34,248.837,0.4897
1.0.0-M6,A4,39,217.376,0.5425
1.0.0-M6,A4,44,183.562,0.5885
1.0.0-M6,A4,49,161.933,0.6207
1.0.0-M6,A4,54,136.412,0.6725
1.0.0-M6,A4,59,112.395,0.6988
1.0.0-M6,A4,64,91.351,0.7377
1.0.0-M6,A4,69,69.378,0.7714
1.0.0-M6,A4,74,61.737,0.7741
1.0.0-M6,A4,79,53.474,0.7824
1.0.0-M6,A4,84,48.397,0.7818
1.0.0-M6,A4,89,44.366,0.7804
1.0.0-M6,A4,94,39.883,0.7891
1.0.0-M6,A4,99,36.189,0.7801
1.0.0-M6,A4,104,33.933,0.781
1.0.0-M6,A4,109,30.585,0.7669
1.0.0-M6,A4,114,28.712,0.7706
1.0.0-M6,A4,119,27.178,0.7447
1.0.0-M6,A4,124,24.249,0.7547
1.0.0-M6,A4,129,22.314,0.7541
1.0.0-M6,A4,134,21.477,0.7521
1.0.0-M6,A4,139,19.167,0.7577
1.0.0-M6,A4,144,18.05,0.7477
1.0.0-M6,A4,149,16.469,0.755
1.0.0-M6,A4,154,15.401,0.7433
1.0.0-M6,A4,159,13.653,0.7425
1.0.0-M6,A4,164,12.553,0.7554
1.0.0-M6,A4,169,11.705,0.7512
1.0.0-M6,A4,174,10.832,0.7371
1.0.0-M6,A4,179,9.865,0.7331
1.0.0-M6,A4,184,9.155,0.7346
1.0.0-M6,A4,189,8.319,0.716
1.0.0-M7,A3,4,713.666,0.0763
1.0.0-M7,A3,12,597.873,0.1795
1.0.0-M7,A3,20,502.529,0.2755
1.0.0-M7,A3,28,431.708,0.3379
1.0.0-M7,A3,36,370.909,0.3908
1.0.0-M7,A3,44,312.751,0.4567
1.0.0-M7,A3,52,265.068,0.499
1.0.0-M7,A3,60,225.438,0.54
1.0.0-M7,A3,68,199.642,0.5411
1.0.0-M7,A3,76,174.668,0.5774
1.0.0-M7,A3,84,155.996,0.5915
1.0.0-M7,A3,92,141.765,0.6017
1.0.0-M7,A3,100,132.347,0.5767
1.0.0-M7,A3,108,117.879,0.6092
1.0.0-M7,A3,116,111.756,0.6007
1.0.0-M7,A3,124,104.494,0.5995
1.0.0-M7,A3,132,97.177,0.5837
1.0.0-M7,A3,140,92.207,0.5887
1.0.0-M7,A3,148,84.941,0.5908
1.0.0-M7,A3,156,81.554,0.5709
1.0.0-M7,A3,164,76.535,0.5724
1.0.0-M7,A3,172,71.899,0.581
1.0.0-M7,A3,180,68.169,0.5706
1.0.0-M7,A3,188,64.214,0.5986
1.0.0-M7,A3,196,60.451,0.5903
1.0.0-M7,A3,204,58.173,0.569
1.0.0-M7,A3,212,54.82,0.5708
1.0.0-M7,A3,220,51.062,0.5924
1.0.0-M7,A3,228,49.384,0.5636
1.0.0-M7,A3,236,46.488,0.5661
1.0.0-M7,A3,244,43.795,0.5767
1.0.0-M7,A3,252,41.467,0.5658
1.0.0-M7,A3,260,37.811,0.5847
1.0.0-M7,A4,4,632.186,0.0786
1.0.0-M7,A4,11,535.302,0.169
1.0.0-M7,A4,18,460.074,0.2669
1.0.0-M7,A4,25,394.133,0.3373
1.0.0-M7,A4,32,337.127,0.4054
1.0.0-M7,A4,39,291.965,0.4622
1.0.0-M7,A4,46,244.633,0.5158
1.0.0-M7,A4,53,202.402,0.5786
1.0.0-M7,A4,60,169.256,0.6158
1.0.0-M7,A4,67,143.502,0.6518
1.0.0-M7,A4,74,122.716,0.658
1.0.0-M7,A4,81,110.946,0.668
1.0.0-M7,A4,88,96.002,0.6737
1.0.0-M7,A4,95,85.592,0.6933
1.0.0-M7,A4,102,77.266,0.684
1.0.0-M7,A4,109,70.058,0.7001
1.0.0-M7,A4,116,65.074,0.6887
1.0.0-M7,A4,123,60.328,0.6887
1.0.0-M7,A4,130,56.21,0.6985
1.0.0-M7,A4,137,52.007,0.6959
1.0.0-M7,A4,144,47.279,0.6994
1.0.0-M7,A4,151,44.376,0.6885
1.0.0-M7,A4,158,41.973,0.6837
1.0.0-M7,A4,165,39.019,0.6663
1.0.0-M7,A4,172,36.247,0.6599
1.0.0-M7,A4,179,33.926,0.6571
1.0.0-M7,A4,186,31.089,0.6772
1.0.0-M7,A4,193,29.213,0.6631
1.0.0-M7,A4,200,27.895,0.6399
1.0.0-M7,A4,207,25.312,0.6594
1.0.0-M7,A4,214,24.345,0.629
1.0.0-M7,A4,221,22.186,0.6711
1.0.0-M7,A4,228,21.195,0.6344
1.0.0-M8,A3,4,698.433,0.0799
1.0.0-M8,A3,11,586.752,0.1686
1.0.0-M8,A3,18,508.71,0.2607
1.0.0-M8,A3,25,444.479,0.3285
1.0.0-M8,A3,32,383.703,0.3872
1.0.0-M8,A3,39,333.054,0.4308
1.0.0-M8,A3,46,288.093,0.4751
1.0.0-M8,A3,53,250.205,0.5168
1.0.0-M8,A3,60,218.128,0.5485
1.0.0-M8,A3,67,195.459,0.5575
1.0.0-M8,A3,74,174.88,0.5689
1.0.0-M8,A3,81,155.478,0.5892
1.0.0-M8,A3,88,142.592,0.5885
1.0.0-M8,A3,95,131.405,0.5948
1.0.0-M8,A3,102,120.567,0.6084
1.0.0-M8,A3,109,110.647,0.6122
1.0.0-M8,A3,116,103.902,0.6137
1.0.0-M8,A3,123,97.881,0.6115
1.0.0-M8,A3,130,92.048,0.6128
1.0.0-M8,A3,137,87.378,0.6118
1.0.0-M8,A3,144,82.579,0.6089
1.0.0-M8,A3,151,79.676,0.6031
1.0.0-M8,A3,158,74.799,0.5878
1.0.0-M8,A3,165,72.215,0.6056
1.0.0-M8,A3,172,68.218,0.6088
1.0.0-M8,A3,179,64.491,0.602
1.0.0-M8,A3,186,61.198,0.6005
1.0.0-M8,A3,193,58.229,0.6003
1.0.0-M8,A3,200,54.997,0.5996
1.0.0-M8,A3,207,52.659,0.5971
1.0.0-M8,A3,214,50.216,0.5889
1.0.0-M8,A3,221,48.043,0.5848
1.0.0-M8,A3,228,45.634,0.5841
1.0.0-M8,A3,235,42.855,0.5844
1.0.0-M8,A3,242,40.917,0.5607
1.0.0-M8,A3,249,38.865,0.5575
1.0.0-M8,A3,256,36.857,0.5789
1.0.0-M8,A4,4,611.134,0.0755
1.0.0-M8,A4,10,528.017,0.1667
1.0.0-M8,A4,16,460.5,0.2412
1.0.0-M8,A4,22,392.433,0.3359
1.0.0-M8,A4,28,342.098,0.4018
1.0.0-M8,A4,34,305.367,0.4433
1.0.0-M8,A4,40,264.908,0.4896
1.0.0-M8,A4,46,228.992,0.5377
1.0.0-M8,A4,52,188.323,0.5898
1.0.0-M8,A4,58,165.289,0.6205
1.0.0-M8,A4,64,138.145,0.6564
1.0.0-M8,A4,70,118.019,0.6771
1.0.0-M8,A4,76,100.092,0.6919
1.0.0-M8,A4,82,91.151,0.6981
1.0.0-M8,A4,88,80.599,0.7173
1.0.0-M8,A4,94,72.719,0.7158
1.0.0-M8,A4,100,67.605,0.7223
1.0.0-M8,A4,106,62.341,0.7118
1.0.0-M8,A4,112,57.226,0.7136
1.0.0-M8,A4,118,53.355,0.7104
1.0.0-M8,A4,124,49.339,0.7156
1.0.0-M8,A4,130,47.021,0.7116
1.0.0-M8,A4,136,42.788,0.7067
1.0.0-M8,A4,142,41.251,0.6754
1.0.0-M8,A4,148,37.463,0.7187
1.0.0-M8,A4,154,35.778,0.6962
1.0.0-M8,A4,160,33.186,0.6736
1.0.0-M8,A4,166,31.232,0.6973
1.0.0-M8,A4,172,29.36,0.6904
1.0.0-M8,A4,178,26.959,0.6802
1.0.0-M8,A4,184,25.454,0.6668
1.0.0-M8,A4,190,23.968,0.6684
1.0.0-M8,A4,196,22.673,0.6585
1.0.0-M8,A4,202,21.201,0.6485
1.0.0-M8,A4,208,19.89,0.6463
1.0.0-M8,A4,214,18.984,0.6474
1.0.0-M8,A4,220,17.855,0.6233
1.0.0,A3,4,667.774,0.0825
1.0.0,A3,11,575.724,0.1555
1.0.0,A3,18,494.272,0.2478
1.0.0,A3,25,426.506,0.3192
1.0.0,A3,32,369.539,0.3858
1.0.0,A3,39,325.647,0.43
1.0.0,A3,46,281.077,0.4683
1.0.0,A3,53,242.147,0.5216
1.0.0,A3,60,206.69,0.5562
1.0.0,A3,67,183.559,0.5799
1.0.0,A3,74,166.299,0.5752
1.0.0,A3,81,147.403,0.5942
1.0.0,A3,88,134.025,0.5914
1.0.0,A3,95,124.491,0.5948
1.0.0,A3,102,113.283,0.617
1.0.0,A3,109,109.335,0.6099
1.0.0,A3,116,99.565,0.6159
1.0.0,A3,123,95.461,0.5885
1.0.0,A3,130,88.167,0.6153
1.0.0,A3,137,86.572,0.5737
1.0.0,A3,144,80.048,0.6032
1.0.0,A3,151,75.998,0.5746
1.0.0,A3,158,71.421,0.6021
1.0.0,A3,165,68.432,0.5915
1.0.0,A3,172,65.113,0.5967
1.0.0,A3,179,62.903,0.6095
1.0.0,A3,186,58.787,0.5863
1.0.0,A3,193,56.203,0.5798
1.0.0,A3,200,53.132,0.5896
1.0.0,A3,207,51.681,0.5469
1.0.0,A3,214,49.478,0.5553
1.0.0,A3,221,46.004,0.566
1.0.0,A3,228,43.746,0.5565
1.0.0,A3,235,41.586,0.5696
1.0.0,A3,242,38.863,0.5713
1.0.0,A3,249,37.132,0.5755
1.0.0,A4,4,583.589,0.0839
1.0.0,A4,10,511.187,0.1592
1.0.0,A4,16,441.355,0.2601
1.0.0,A4,22,384.548,0.3245
1.0.0,A4,28,341.631,0.3778
1.0.0,A4,34,294.981,0.4435
1.0.0,A4,40,254.224,0.5012
1.0.0,A4,46,223.088,0.5295
1.0.0,A4,52,189.66,0.5722
1.0.0,A4,58,161.636,0.6136
1.0.0,A4,64,137.06,0.6418
1.0.0,A4,70,120.061,0.6611
1.0.0,A4,76,99.978,0.6984
1.0.0,A4,82,87.895,0.7038
1.0.0,A4,88,82.347,0.6914
1.0.0,A4,94,76.651,0.6866
1.0.0,A4,100,67.612,0.7009
1.0.0,A4,106,61.87,0.7111
1.0.0,A4,112,57.353,0.7104
1.0.0,A4,118,53.528,0.7044
1.0.0,A4,124,48.951,0.7038
1.0.0,A4,130,46.884,0.6874
1.0.0,A4,136,42.165,0.7056
1.0.0,A4,142,40.835,0.7068
1.0.0,A4,148,38.009,0.6791
1.0.0,A4,154,34.51,0.6951
1.0.0,A4,160,32.265,0.6913
1.0.0,A4,166,30.511,0.6768
1.0.0,A4,172,28.913,0.6723
1.0.0,A4,178,27.248,0.6727
1.0.0,A4,184,25.311,0.6586
1.0.0,A4,190,23.754,0.6668
1.0.0,A4,196,21.905,0.6693
1.0.0,A4,202,20.734,0.6577
1.0.0,A4,208,19.831,0.6748
1.0.0,A4,214,18.555,0.6623
1.1.0-M1,A3,4,723.882,0.0743
1.1.0-M1,A3,12,602.557,0.1839
1.1.0-M1,A3,20,510.536,0.2632
1.1.0-M1,A3,28,436.486,0.345
1.1.0-M1,A3,36,381.242,0.394
1.1.0-M1,A3,44,322.962,0.4467
1.1.0-M1,A3,52,269.605,0.51
1.1.0-M1,A3,60,228.879,0.5475
1.1.0-M1,A3,68,196.639,0.5728
1.1.0-M1,A3,76,173.534,0.5897
1.1.0-M1,A3,84,155.001,0.5989
1.1.0-M1,A3,92,138.591,0.6245
1.1.0-M1,A3,100,130.586,0.6103
1.1.0-M1,A3,108,115.632,0.6181
1.1.0-M1,A3,116,106.914,0.6227
1.1.0-M1,A3,124,102.066,0.6031
1.1.0-M1,A3,132,97.258,0.5981
1.1.0-M1,A3,140,89.641,0.6109
1.1.0-M1,A3,148,84.883,0.5999
1.1.0-M1,A3,156,80.019,0.6042
1.1.0-M1,A3,164,75.922,0.5934
1.1.0-M1,A3,172,71.512,0.5896
1.1.0-M1,A3,180,67.581,0.5983
1.1.0-M1,A3,188,63.982,0.5789
1.1.0-M1,A3,196,60.786,0.5836
1.1.0-M1,A3,204,57.664,0.5939
1.1.0-M1,A3,212,54.841,0.5768
1.1.0-M1,A3,220,51.676,0.5748
1.1.0-M1,A3,228,49.267,0.5756
1.1.0-M1,A3,236,46.697,0.5781
1.1.0-M1,A3,244,44.487,0.5682
1.1.0-M1,A3,252,41.112,0.5633
1.1.0-M1,A3,260,39.921,0.5545
1.1.0-M1,A3,268,37.032,0.5662
1.1.0-M1,A4,4,623.083,0.0734
1.1.0-M1,A4,10,543.576,0.1559
1.1.0-M1,A4,16,466.8,0.2487
1.1.0-M1,A4,22,405.776,0.3351
1.1.0-M1,A4,28,356.905,0.3921
1.1.0-M1,A4,34,319.735,0.4256
1.1.0-M1,A4,40,271.901,0.4859
1.1.0-M1,A4,46,237.326,0.5172
1.1.0-M1,A4,52,205.945,0.5586
1.1.0-M1,A4,58,173.405,0.6059
1.1.0-M1,A4,64,146.01,0.6459
1.1.0-M1,A4,70,131.676,0.6554
1.1.0-M1,A4,76,109.983,0.684
1.1.0-M1,A4,82,97.645,0.6971
1.1.0-M1,A4,88,87.507,0.6997
1.1.0-M1,A4,94,78.623,0.7048
1.1.0-M1,A4,100,71.929,0.7138
1.1.0-M1,A4,106,64.256,0.724
1.1.0-M1,A4,112,61.374,0.7219
1.1.0-M1,A4,118,56.213,0.7288
1.1.0-M1,A4,124,52.85,0.7165
1.1.0-M1,A4,130,47.288,0.7122
1.1.0-M1,A4,136,44.739,0.7282
1.1.0-M1,A4,142,42.759,0.7057
1.1.0-M1,A4,148,39.825,0.7073
1.1.0-M1,A4,154,36.049,0.7204
1.1.0-M1,A4,160,34.158,0.7189
1.1.0-M1,A4,166,31.765,0.7124
1.1.0-M1,A4,172,29.412,0.6841
1.1.0-M1,A4,178,27.387,0.6957
1.1.0-M1,A4,184,25.988,0.6914
1.1.0-M1,A4,190,24.061,0.6927
1.1.0-M1,A4,196,22.92,0.6844
1.1.0-M1,A4,202,21.446,0.7025
1.1.0-M1,A4,208,20.118,0.6797
1.1.0-M1,A4,214,19.02,0.6642
1.1.0-M1,A4,220,17.85,0.6721
1.1.0-M1,A4,226,17.04,0.6743
1.1.0-M2,A3,4,767.691,0.0784
1.1.0-M2,A3,12,646.268,0.1738
1.1.0-M2,A3,20,552.683,0.2621
1.1.0-M2,A3,28,472.259,0.336
1.1.0-M2,A3,36,403.286,0.4021
1.1.0-M2,A3,44,342.202,0.4621
1.1.0-M2,A3,52,300.106,0.4888
1.1.0-M2,A3,60,252.407,0.54
1.1.0-M2,A3,68,213.411,0.567
1.1.0-M2,A3,76,190.916,0.5778
1.1.0-M2,A3,84,169.745,0.5936
1.1.0-M2,A3,92,156.533,0.5917
1.1.0-M2,A3,100,138.795,0.6074
1.1.0-M2,A3,108,126.862,0.6108
1.1.0-M2,A3,116,119.507,0.6015
1.1.0-M2,A3,124,111.838,0.5948
1.1.0-M2,A3,132,103.56,0.6111
1.1.0-M2,A3,140,98.777,0.6024
1.1.0-M2,A3,148,93.238,0.6073
1.1.0-M2,A3,156,88.352,0.5855
1.1.0-M2,A3,164,83.33,0.6023
1.1.0-M2,A3,172,79.602,0.5957
1.1.0-M2,A3,180,75.576,0.5918
1.1.0-M2,A3,188,71.324,0.5895
1.1.0-M2,A3,196,67.633,0.5964
1.1.0-M2,A3,204,63.621,0.5882
1.1.0-M2,A3,212,60.438,0.5958
1.1.0-M2,A3,220,57.592,0.5888
1.1.0-M2,A3,228,55.147,0.5809
1.1.0-M2,A3,236,51.669,0.5741
1.1.0-M2,A3,244,48.667,0.5867
1.1.0-M2,A3,252,46.474,0.5708
1.1.0-M2,A3,260,44.421,0.5677
1.1.0-M2,A3,268,41.41,0.5761
1.1.0-M2,A3,276,40.193,0.5738
1.1.0-M2,A3,284,37.292,0.5697
1.1.0-M2,A4,4,646.241,0.0788
1.1.0-M2,A4,11,547.751,0.1781
1.1.0-M2,A4,18,466.508,0.2717
1.1.0-M2,A4,25,401.196,0.3535
1.1.0-M2,A4,32,337.317,0.4307
1.1.0-M2,A4,39,290.832,0.4842
1.1.0-M2,A4,46,247.411,0.5314
1.1.0-M2,A4,53,204.55,0.5859
1.1.0-M2,A4,60,172.372,0.6146
1.1.0-M2,A4,67,139.557,0.6558
1.1.0-M2,A4,74,117.622,0.6858
1.1.0-M2,A4,81,102.64,0.6986
1.1.0-M2,A4,88,91.953,0.7087
1.1.0-M2,A4,95,81.687,0.6917
1.1.0-M2,A4,102,73.755,0.7026
1.1.0-M2,A4,109,68.7,0.6985
1.1.0-M2,A4,116,62.772,0.7002
1.1.0-M2,A4,123,55.928,0.7226
1.1.0-M2,A4,130,51.74,0.7109
1.1.0-M2,A4,137,47.477,0.7201
1.1.0-M2,A4,144,43.7,0.7105
1.1.0-M2,A4,151,40.093,0.7163
1.1.0-M2,A4,158,36.289,0.7144
1.1.0-M2,A4,165,33.64,0.7138
1.1.0-M2,A4,172,31.542,0.7077
1.1.0-M2,A4,179,28.956,0.708
1.1.0-M2,A4,186,27.093,0.7044
1.1.0-M2,A4,193,24.64,0.71
1.1.0-M2,A4,200,23.757,0.688
1.1.0-M2,A4,207,22.23,0.6693
1.1.0-M2,A4,214,20.243,0.7029
1.1.0-M2,A4,221,18.626,0.6948
1.1.0-M2,A4,228,17.621,0.6719
1.1.0-M2,A4,235,16.495,0.6776
1.1.0-M3,A3,4,787.814,0.0778
1.1.0-M3,A3,12,671.966,0.1641
1.1.0-M3,A3,20,564.521,0.2685
1.1.0-M3,A3,28,486.249,0.3349
1.1.0-M3,A3,36,418.797,0.3866
1.1.0-M3,A3,44,361.161,0.4375
1.1.0-M3,A3,52,306.95,0.4967
1.1.0-M3,A3,60,263.803,0.5337
1.1.0-M3,A3,68,228.605,0.555
1.1.0-M3,A3,76,208.493,0.5722
1.1.0-M3,A3,84,179.901,0.5913
1.1.0-M3,A3,92,164.486,0.5895
1.1.0-M3,A3,100,149.214,0.602
1.1.0-M3,A3,108,137.406,0.606
1.1.0-M3,A3,116,124.206,0.6105
1.1.0-M3,A3,124,115.182,0.6191
1.1.0-M3,A3,132,109.847,0.595
1.1.0-M3,A3,140,103.643,0.6053
1.1.0-M3,A3,148,98.187,0.5978
1.1.0-M3,A3,156,91.821,0.6033
1.1.0-M3,A3,164,87.191,0.6057
1.1.0-M3,A3,172,80.074,0.6295
1.1.0-M3,A3,180,77.301,0.6092
1.1.0-M3,A3,188,73.739,0.6019
1.1.0-M3,A3,196,69.254,0.6126
1.1.0-M3,A3,204,65.579,0.5865
1.1.0-M3,A3,212,63.214,0.5896
1.1.0-M3,A3,220,59.939,0.5854
1.1.0-M3,A3,228,56.089,0.5923
1.1.0-M3,A3,236,53.641,0.5865
1.1.0-M3,A3,244,49.638,0.5967
1.1.0-M3,A3,252,47.609,0.5978
1.1.0-M3,A3,260,44.865,0.581
1.1.0-M3,A3,268,42.648,0.5839
1.1.0-M3,A3,276,40.918,0.5808
1.1.0-M3,A3,284,38.38,0.5781
1.1.0-M3,A3,292,35.74,0.5883
1.1.0-M3,A4,4,664.888,0.0725
1.1.0-M3,A4,11,573.741,0.1555
1.1.0-M3,A4,18,491.75,0.2598
1.1.0-M3,A4,25,412.556,0.3542
1.1.0-M3,A4,32,361.313,0.4085
1.1.0-M3,A4,39,302.188,0.4813
1.1.0-M3,A4,46,255.525,0.5321
1.1.0-M3,A4,53,215.881,0.5773
1.1.0-M3,A4,60,179.135,0.6122
1.1.0-M3,A4,67,145.774,0.66
1.1.0-M3,A4,74,128.375,0.6659
1.1.0-M3,A4,81,111.55,0.7019
1.1.0-M3,A4,88,94.826,0.7153
1.1.0-M3,A4,95,86.589,0.711
1.1.0-M3,A4,102,78.068,0.7176
1.1.0-M3,A4,109,69.898,0.7172
1.1.0-M3,A4,116,64.34,0.7076
1.1.0-M3,A4,123,58.174,0.7236
1.1.0-M3,A4,130,53.188,0.7203
1.1.0-M3,A4,137,48.272,0.7249
1.1.0-M3,A4,144,44.663,0.7113
1.1.0-M3,A4,151,41.421,0.7217
1.1.0-M3,A4,158,37.605,0.7256
1.1.0-M3,A4,165,35.793,0.6888
1.1.0-M3,A4,172,32.731,0.7057
1.1.0-M3,A4,179,30.106,0.7126
1.1.0-M3,A4,186,27.923,0.6983
1.1.0-M3,A4,193,26.384,0.6989
1.1.0-M3,A4,200,24.054,0.6982
1.1.0-M3,A4,207,22.39,0.6974
1.1.0-M3,A4,214,21.041,0.699
1.1.0-M3,A4,221,19.868,0.681
1.1.0-M3,A4,228,18.02,0.6928
1.1.0-M3,A4,235,17.033,0.6843
1.1.0-M3,A4,242,15.844,0.669
1.1.0-M4,A3,4,801.764,0.0775
1.1.0-M4,A3,13,664.437,0.1919
1.1.0-M4,A3,22,550.445,0.2885
1.1.0-M4,A3,31,459.995,0.3717
1.1.0-M4,A3,40,393.982,0.4238
1.1.0-M4,A3,49,332.087,0.4694
1.1.0-M4,A3,58,275.26,0.5236
1.1.0-M4,A3,67,229.874,0.5732
1.1.0-M4,A3,76,203.654,0.5815
1.1.0-M4,A3,85,182.746,0.5879
1.1.0-M4,A3,94,158.452,0.6179
1.1.0-M4,A3,103,148.589,0.5986
1.1.0-M4,A3,112,136.183,0.6009
1.1.0-M4,A3,121,122.011,0.6153
1.1.0-M4,A3,130,116.434,0.5987
1.1.0-M4,A3,139,108.586,0.6045
1.1.0-M4,A3,148,100.661,0.5913
1.1.0-M4,A3,157,94.024,0.5958
1.1.0-M4,A3,166,88.84,0.5983
1.1.0-M4,A3,175,83.923,0.5935
1.1.0-M4,A3,184,78.329,0.5833
1.1.0-M4,A3,193,73.975,0.5963
1.1.0-M4,A3,202,69.824,0.5987
1.1.0-M4,A3,211,65.772,0.5969
1.1.0-M4,A3,220,62.323,0.5944
1.1.0-M4,A3,229,59.022,0.5858
1.1.0-M4,A3,238,56.104,0.5889
1.1.0-M4,A3,247,52.556,0.584
1.1.0-M4,A3,256,49.606,0.586
1.1.0-M4,A3,265,46.575,0.5897
1.1.0-M4,A3,274,44.577,0.5707
1.1.0-M4,A3,283,40.14,0.5984
1.1.0-M4,A3,292,38.443,0.5799
1.1.0-M4,A4,4,680.112,0.0747
1.1.0-M4,A4,11,576.26,0.1779
1.1.0-M4,A4,18,496.392,0.2637
1.1.0-M4,A4,25,425.496,0.3442
1.1.0-M4,A4,32,363.297,0.4175
1.1.0-M4,A4,39,311.79,0.4664
1.1.0-M4,A4,46,264.402,0.5214
1.1.0-M4,A4,53,221.76,0.5693
1.1.0-M4,A4,60,181.833,0.6164
1.1.0-M4,A4,67,152.873,0.6471
1.1.0-M4,A4,74,129.339,0.6704
1.1.0-M4,A4,81,111.342,0.684
1.1.0-M4,A4,88,100.633,0.701
1.1.0-M4,A4,95,89.46,0.7163
1.1.0-M4,A4,102,79.176,0.72
1.1.0-M4,A4,109,72.022,0.717
1.1.0-M4,A4,116,64.658,0.7272
1.1.0-M4,A4,123,59.702,0.7231
1.1.0-M4,A4,130,54.976,0.7187
1.1.0-M4,A4,137,49.801,0.7204
1.1.0-M4,A4,144,46.38,0.7175
1.1.0-M4,A4,151,43.125,0.7102
1.1.0-M4,A4,158,38.821,0.7204
1.1.0-M4,A4,165,36.081,0.7167
1.1.0-M4,A4,172,33.357,0.7178
1.1.0-M4,A4,179,31.747,0.7046
1.1.0-M4,A4,186,28.718,0.7175
1.1.0-M4,A4,193,26.674,0.7044
1.1.0-M4,A4,200,24.278,0.7076
1.1.0-M4,A4,207,22.847,0.7144
1.1.0-M4,A4,214,21.951,0.6935
1.1.0-M4,A4,221,19.935,0.6888
1.1.0-M4,A4,228,18.213,0.6993
1.1.0-M4,A4,235,17.582,0.655
1.1.0-M4,A4,242,16.16,0.6549
1.1.0-M4,A4,249,14.684,0.6978
1.1.0,A3,4,804.909,0.0747
1.1.0,A3,13,670.121,0.1764
1.1.0,A3,22,556.835,0.2785
1.1.0,A3,31,468.661,0.3618
1.1.0,A3,40,397.338,0.4137
1.1.0,A3,49,334.309,0.4658
1.1.0,A3,58,283.248,0.5174
1.1.0,A3,67,240.802,0.5535
1.1.0,A3,76,209.007,0.5798
1.1.0,A3,85,181.732,0.5945
1.1.0,A3,94,162.215,0.603
1.1.0,A3,103,149.35,0.6017
1.1.0,A3,112,136.566,0.619
1.1.0,A3,121,123.757,0.6241
1.1.0,A3,130,116.59,0.6114
1.1.0,A3,139,109.372,0.6129
1.1.0,A3,148,100.413,0.6096
1.1.0,A3,157,95.514,0.6052
1.1.0,A3,166,90.113,0.5964
1.1.0,A3,175,83.722,0.6001
1.1.0,A3,184,78.488,0.6201
1.1.0,A3,193,75.814,0.5711
1.1.0,A3,202,71.432,0.6018
1.1.0,A3,211,66.743,0.5916
1.1.0,A3,220,63.92,0.58
1.1.0,A3,229,59.879,0.5675
1.1.0,A3,238,56.59,0.5988
1.1.0,A3,247,53.504,0.5797
1.1.0,A3,256,50.698,0.5845
1.1.0,A3,265,47.694,0.5831
1.1.0,A3,274,44.835,0.5805
1.1.0,A3,283,42.213,0.5802
1.1.0,A3,292,39.136,0.5606
1.1.0,A4,4,672.41,0.0745
1.1.0,A4,11,569.402,0.1745
1.1.0,A4,18,493.724,0.2622
1.1.0,A4,25,423.737,0.3443
1.1.0,A4,32,362.506,0.4132
1.1.0,A4,39,311.166,0.4658
1.1.0,A4,46,257.105,0.5364
1.1.0,A4,53,214.577,0.5767
1.1.0,A4,60,183.705,0.6079
1.1.0,A4,67,151.087,0.6555
1.1.0,A4,74,129.291,0.68
1.1.0,A4,81,112.943,0.6886
1.1.0,A4,88,99.638,0.6955
1.1.0,A4,95,88.46,0.7146
1.1.0,A4,102,78.293,0.7259
1.1.0,A4,109,71.352,0.7263
1.1.0,A4,116,63.918,0.7299
1.1.0,A4,123,57.693,0.7382
1.1.0,A4,130,52.554,0.7407
1.1.0,A4,137,48.487,0.7398
1.1.0,A4,144,43.672,0.7438
1.1.0,A4,151,39.461,0.7428
1.1.0,A4,158,36.941,0.7274
1.1.0,A4,165,34.724,0.7204
1.1.0,A4,172,31.829,0.7209
1.1.0,A4,179,30.016,0.7293
1.1.0,A4,186,27.947,0.7042
1.1.0,A4,193,25.638,0.7156
1.1.0,A4,200,23.633,0.7111
1.1.0,A4,207,22.186,0.7074
1.1.0,A4,214,20.403,0.7016
1.1.0,A4,221,19.03,0.6995
1.1.0,A4,228,17.952,0.6965
1.1.0,A4,235,16.532,0.6881
1.1.0,A4,242,15.424,0.6822
2.0.0-M1,A3,4,834.16,0.0733
2.0.0-M1,A3,13,692.615,0.1761
2.0.0-M1,A3,22,580.945,0.2719
2.0.0-M1,A3,31,485.617,0.3594
2.0.0-M1,A3,40,406.976,0.4277
2.0.0-M1,A3,49,343.521,0.4738
2.0.0-M1,A3,58,285.089,0.5221
2.0.0-M1,A3,67,244.293,0.5464
2.0.0-M1,A3,76,212.779,0.5818
2.0.0-M1,A3,85,186.734,0.5926
2.0.0-M1,A3,94,169.182,0.5902
2.0.0-M1,A3,103,152.614,0.6143
2.0.0-M1,A3,112,137.672,0.6181
2.0.0-M1,A3,121,130.978,0.6071
2.0.0-M1,A3,130,120.945,0.5889
2.0.0-M1,A3,139,112.32,0.5967
2.0.0-M1,A3,148,105.603,0.5948
2.0.0-M1,A3,157,97.922,0.5999
2.0.0-M1,A3,166,92.36,0.6026
2.0.0-M1,A3,175,87.616,0.5944
2.0.0-M1,A3,184,82.611,0.5993
2.0.0-M1,A3,193,79.057,0.5831
2.0.0-M1,A3,202,74.27,0.5917
2.0.0-M1,A3,211,70.496,0.5875
2.0.0-M1,A3,220,66.752,0.5871
2.0.0-M1,A3,229,63.449,0.5771
2.0.0-M1,A3,238,59.516,0.5924
2.0.0-M1,A3,247,56.418,0.5794
2.0.0-M1,A3,256,53.237,0.5824
2.0.0-M1,A3,265,50.366,0.5941
2.0.0-M1,A3,274,47.471,0.5569
2.0.0-M1,A3,283,44.975,0.5729
2.0.0-M1,A3,292,41.675,0.5867
2.0.0-M1,A3,301,38.909,0.5812
2.0.0-M1,A3,310,36.973,0.5508
2.0.0-M1,A4,4,706.073,0.0733
2.0.0-M1,A4,11,601.312,0.1775
2.0.0-M1,A4,18,521.497,0.2573
2.0.0-M1,A4,25,442.016,0.3458
2.0.0-M1,A4,32,378.799,0.4171
2.0.0-M1,A4,39,324.944,0.4778
2.0.0-M1,A4,46,271.925,0.529
2.0.0-M1,A4,53,232.219,0.5744
2.0.0-M1,A4,60,190.205,0.6178
2.0.0-M1,A4,67,162.076,0.6517
2.0.0-M1,A4,74,137.284,0.6713
2.0.0-M1,A4,81,119.087,0.6896
2.0.0-M1,A4,88,103.683,0.708
2.0.0-M1,A4,95,93.874,0.7241
2.0.0-M1,A4,102,85.39,0.7093
2.0.0-M1,A4,109,75.953,0.7303
2.0.0-M1,A4,116,69.902,0.7324
2.0.0-M1,A4,123,62.943,0.7337
2.0.0-M1,A4,130,58.462,0.7367
2.0.0-M1,A4,137,52.638,0.7279
2.0.0-M1,A4,144,49.642,0.7274
2.0.0-M1,A4,151,45.156,0.7278
2.0.0-M1,A4,158,41.717,0.7258
2.0.0-M1,A4,165,38.199,0.7153
2.0.0-M1,A4,172,35.629,0.7232
2.0.0-M1,A4,179,32.691,0.72
2.0.0-M1,A4,186,30.594,0.7197
2.0.0-M1,A4,193,28.36,0.7122
2.0.0-M1,A4,200,26.39,0.7096
2.0.0-M1,A4,207,24.532,0.6998
2.0.0-M1,A4,214,22.935,0.7031
2.0.0-M1,A4,221,21.266,0.7016
2.0.0-M1,A4,228,20.341,0.6802
2.0.0-M1,A4,235,18.506,0.6968
2.0.0-M1,A4,242,17.281,0.6861
2.0.0-M1,A4,249,16.527,0.669
2.0.0-M1,A4,256,15.209,0.6654
2.0.0-M2,A3,4,857.84,0.0749
2.0.0-M2,A3,13,713.837,0.19
2.0.0-M2,A3,22,609.224,0.2684
2.0.0-M2,A3,31,507.093,0.348
2.0.0-M2,A3,40,428.661,0.4161
2.0.0-M2,A3,49,362.824,0.4654
2.0.0-M2,A3,58,309.356,0.5139
2.0.0-M2,A3,67,263.887,0.5494
2.0.0-M2,A3,76,232.319,0.5561
2.0.0-M2,A3,85,206.888,0.5776
2.0.0-M2,A3,94,183.242,0.6059
2.0.0-M2,A3,103,167.014,0.6002
2.0.0-M2,A3,112,152.672,0.6048
2.0.0-M2,A3,121,140.59,0.6104
2.0.0-M2,A3,130,131.604,0.5989
2.0.0-M2,A3,139,122.859,0.6023
2.0.0-M2,A3,148,116.447,0.5988
2.0.0-M2,A3,157,108.482,0.5997
2.0.0-M2,A3,166,101.367,0.5897
2.0.0-M2,A3,175,95.369,0.5998
2.0.0-M2,A3,184,91.466,0.6073
2.0.0-M2,A3,193,85.611,0.5903
2.0.0-M2,A3,202,82.262,0.5797
2.0.0-M2,A3,211,76.193,0.5945
2.0.0-M2,A3,220,73.788,0.5819
2.0.0-M2,A3,229,69.842,0.5806
2.0.0-M2,A3,238,65.614,0.5911
2.0.0-M2,A3,247,62.84,0.5733
2.0.0-M2,A3,256,58.785,0.5751
2.0.0-M2,A3,265,56.837,0.569
2.0.0-M2,A3,274,53.782,0.567
2.0.0-M2,A3,283,50.317,0.5784
2.0.0-M2,A3,292,47.917,0.5668
2.0.0-M2,A3,301,45.477,0.5624
2.0.0-M2,A3,310,42.896,0.5603
2.0.0-M2,A3,319,40.91,0.5628
2.0.0-M2,A4,4,739.203,0.068
2.0.0-M2,A4,12,616.532,0.1902
2.0.0-M2,A4,20,525.372,0.2733
2.0.0-M2,A4,28,443.926,0.356
2.0.0-M2,A4,36,364.243,0.4464
2.0.0-M2,A4,44,309.344,0.501
2.0.0-M2,A4,52,253.621,0.5547
2.0.0-M2,A4,60,207.792,0.6032
2.0.0-M2,A4,68,172.57,0.6424
2.0.0-M2,A4,76,142.885,0.6752
2.0.0-M2,A4,84,123.181,0.6918
2.0.0-M2,A4,92,109.39,0.7013
2.0.0-M2,A4,100,95.467,0.7211
2.0.0-M2,A4,108,85.939,0.7044
2.0.0-M2,A4,116,76.797,0.7201
2.0.0-M2,A4,124,69.364,0.7233
2.0.0-M2,A4,132,63.629,0.7192
2.0.0-M2,A4,140,56.891,0.7233
2.0.0-M2,A4,148,53.02,0.7152
2.0.0-M2,A4,156,48.135,0.7272
2.0.0-M2,A4,164,43.863,0.7345
2.0.0-M2,A4,172,40.445,0.7241
2.0.0-M2,A4,180,37.618,0.7065
2.0.0-M2,A4,188,35.137,0.7028
2.0.0-M2,A4,196,31.861,0.7117
2.0.0-M2,A4,204,28.846,0.7257
2.0.0-M2,A4,212,27.472,0.7028
2.0.0-M2,A4,220,25.411,0.6981
2.0.0-M2,A4,228,23.495,0.6942
2.0.0-M2,A4,236,21.396,0.7045
2.0.0-M2,A4,244,19.917,0.6851
2.0.0-M2,A4,252,18.665,0.6848
2.0.0-M2,A4,260,17.46,0.681
2.0.0-M2,A4,268,15.917,0.6601
2.0.0-M3,A3,4,973.016,0.0793
2.0.0-M3,A3,14,792.817,0.1919
2.0.0-M3,A3,24,655.622,0.2907
2.0.0-M3,A3,34,549.324,0.3587
2.0.0-M3,A3,44,448.27,0.4334
2.0.0-M3,A3,54,376.346,0.4816
2.0.0-M3,A3,64,321.42,0.5196
2.0.0-M3,A3,74,274.509,0.5547
2.0.0-M3,A3,84,240.835,0.5584
2.0.0-M3,A3,94,213.059,0.5949
2.0.0-M3,A3,104,192.402,0.5876
2.0.0-M3,A3,114,170.552,0.5991
2.0.0-M3,A3,124,158.671,0.6004
2.0.0-M3,A3,134,147.157,0.5967
2.0.0-M3,A3,144,136.505,0.6057
2.0.0-M3,A3,154,127.063,0.5916
2.0.0-M3,A3,164,118.642,0.6166
2.0.0-M3,A3,174,113.292,0.587
2.0.0-M3,A3,184,106.395,0.5898
2.0.0-M3,A3,194,99.899,0.6017
2.0.0-M3,A3,204,94.255,0.582
2.0.0-M3,A3,214,89.266,0.5926
2.0.0-M3,A3,224,84.948,0.5898
2.0.0-M3,A3,234,81.252,0.576
2.0.0-M3,A3,244,76.332,0.577
2.0.0-M3,A3,254,73.332,0.5987
2.0.0-M3,A3,264,69.334,0.5816
2.0.0-M3,A3,274,65.738,0.5719
2.0.0-M3,A3,284,62.072,0.5813
2.0.0-M3,A3,294,59.515,0.5757
2.0.0-M3,A3,304,55.656,0.5853
2.0.0-M3,A3,314,53.019,0.5683
2.0.0-M3,A3,324,50.579,0.5654
2.0.0-M3,A3,334,47.982,0.5543
2.0.0-M3,A3,344,45.202,0.5654
2.0.0-M3,A3,354,42.604,0.5645
2.0.0-M3,A4,4,836.967,0.0724
2.0.0-M3,A4,13,690.899,0.1946
2.0.0-M3,A4,22,574.01,0.2926
2.0.0-M3,A4,31,486.253,0.3639
2.0.0-M3,A4,40,392.622,0.4519
2.0.0-M3,A4,49,315.302,0.5392
2.0.0-M3,A4,58,252.037,0.5923
2.0.0-M3,A4,67,196.581,0.6484
2.0.0-M3,A4,76,160.978,0.6667
2.0.0-M3,A4,85,140.546,0.6761
2.0.0-M3,A4,94,120.161,0.6991
2.0.0-M3,A4,103,106.476,0.6991
2.0.0-M3,A4,112,96.959,0.7021
2.0.0-M3,A4,121,89.47,0.6958
2.0.0-M3,A4,130,81.501,0.6753
2.0.0-M3,A4,139,74.423,0.675
2.0.0-M3,A4,148,67.56,0.6982
2.0.0-M3,A4,157,62.439,0.6906
2.0.0-M3,A4,166,58.483,0.6831
2.0.0-M3,A4,175,54.524,0.6713
2.0.0-M3,A4,184,50.457,0.6678
2.0.0-M3,A4,193,45.637,0.6866
2.0.0-M3,A4,202,43.697,0.6722
2.0.0-M3,A4,211,40.337,0.6678
2.0.0-M3,A4,220,37.046,0.6634
2.0.0-M3,A4,229,34.632,0.6563
2.0.0-M3,A4,238,32.193,0.6586
2.0.0-M3,A4,247,29.848,0.6551
2.0.0-M3,A4,256,27.279,0.6671
2.0.0-M3,A4,265,25.278,0.6808
2.0.0-M3,A4,274,23.477,0.6529
2.0.0-M3,A4,283,20.965,0.6646
2.0.0-M3,A4,292,20.005,0.6597
2.0.0-M3,A4,301,18.498,0.6577
2.0.0-M4,A3,4,972.107,0.0845
2.0.0-M4,A3,14,798.925,0.179
2.0.0-M4,A3,24,650.846,0.2869
2.0.0-M4,A3,34,536.457,0.3746
2.0.0-M4,A3,44,449.454,0.4396
2.0.0-M4,A3,54,376.207,0.4839
2.0.0-M4,A3,64,319.116,0.5262
2.0.0-M4,A3,74,272.799,0.5531
2.0.0-M4,A3,84,235.658,0.5714
2.0.0-M4,A3,94,211.175,0.5816
2.0.0-M4,A3,104,188.007,0.6022
2.0.0-M4,A3,114,171.495,0.6108
2.0.0-M4,A3,124,159.51,0.5991
2.0.0-M4,A3,134,143.632,0.612
2.0.0-M4,A3,144,134.645,0.5961
2.0.0-M4,A3,154,126.127,0.5987
2.0.0-M4,A3,164,117.94,0.5997
2.0.0-M4,A3,174,110.131,0.601
2.0.0-M4,A3,184,105.306,0.5955
2.0.0-M4,A3,194,100.229,0.573
2.0.0-M4,A3,204,93.923,0.5782
2.0.0-M4,A3,214,89.42,0.5848
2.0.0-M4,A3,224,85.417,0.5733
2.0.0-M4,A3,234,79.736,0.5801
2.0.0-M4,A3,244,75.339,0.6002
2.0.0-M4,A3,254,72.74,0.5692
2.0.0-M4,A3,264,68.425,0.5781
2.0.0-M4,A3,274,65.158,0.578
2.0.0-M4,A3,284,62.341,0.566
2.0.0-M4,A3,294,59.24,0.5674
2.0.0-M4,A3,304,55.631,0.5829
2.0.0-M4,A3,314,53.522,0.5869
2.0.0-M4,A3,324,50.662,0.5705
2.0.0-M4,A3,334,47.826,0.5613
2.0.0-M4,A3,344,44.396,0.5663
2.0.0-M4,A3,354,42.635,0.5546
2.0.0-M4,A4,4,840.022,0.0671
2.0.0-M4,A4,13,688.991,0.1928
2.0.0-M4,A4,22,571.648,0.2981
2.0.0-M4,A4,31,482.214,0.3693
2.0.0-M4,A4,40,396.399,0.4533
2.0.0-M4,A4,49,313.328,0.5432
2.0.0-M4,A4,58,254.24,0.5946
2.0.0-M4,A4,67,198.179,0.6475
2.0.0-M4,A4,76,167.28,0.6593
2.0.0-M4,A4,85,141.927,0.6727
2.0.0-M4,A4,94,124.08,0.6928
2.0.0-M4,A4,103,110.099,0.6936
2.0.0-M4,A4,112,99.243,0.6986
2.0.0-M4,A4,121,90.708,0.7003
2.0.0-M4,A4,130,82.931,0.7002
2.0.0-M4,A4,139,75.239,0.6903
2.0.0-M4,A4,148,70.317,0.6831
2.0.0-M4,A4,157,64.485,0.6761
2.0.0-M4,A4,166,60.852,0.6782
2.0.0-M4,A4,175,55.507,0.6747
2.0.0-M4,A4,184,51.324,0.6789
2.0.0-M4,A4,193,47.691,0.6627
2.0.0-M4,A4,202,44.074,0.6623
2.0.0-M4,A4,211,41.661,0.6592
2.0.0-M4,A4,220,38.133,0.6564
2.0.0-M4,A4,229,35.075,0.6733
2.0.0-M4,A4,238,33.128,0.666
2.0.0-M4,A4,247,30.612,0.6392
2.0.0-M4,A4,256,28.432,0.668
2.0.0-M4,A4,265,26.364,0.6597
2.0.0-M4,A4,274,24.273,0.6638
2.0.0-M4,A4,283,22.695,0.6668
2.0.0-M4,A4,292,21.034,0.6396
2.0.0-M4,A4,301,19.407,0.6485
2.0.0-M5,A3,4,881.161,0.0866
2.0.0-M5,A3,13,730.715,0.1784
2.0.0-M5,A3,22,603.05,0.283
2.0.0-M5,A3,31,508.478,0.3587
2.0.0-M5,A3,40,428.359,0.4176
2.0.0-M5,A3,49,362.967,0.4713
2.0.0-M5,A3,58,304.871,0.5254
2.0.0-M5,A3,67,263.028,0.5437
2.0.0-M5,A3,76,226.944,0.5787
2.0.0-M5,A3,85,202.255,0.5696
2.0.0-M5,A3,94,175.053,0.6054
2.0.0-M5,A3,103,163.67,0.5826
2.0.0-M5,A3,112,145.56,0.6073
2.0.0-M5,A3,121,135.746,0.6034
2.0.0-M5,A3,130,128.88,0.6052
2.0.0-M5,A3,139,116.359,0.5969
2.0.0-M5,A3,148,112.015,0.5901
2.0.0-M5,A3,157,106.016,0.5798
2.0.0-M5,A3,166,100.351,0.5767
2.0.0-M5,A3,175,93.869,0.5994
2.0.0-M5,A3,184,86.85,0.5944
2.0.0-M5,A3,193,83.579,0.5796
2.0.0-M5,A3,202,78.995,0.5963
2.0.0-M5,A3,211,74.552,0.5976
2.0.0-M5,A3,220,70.442,0.5919
2.0.0-M5,A3,229,67.137,0.5981
2.0.0-M5,A3,238,64.062,0.5856
2.0.0-M5,A3,247,60.301,0.5859
2.0.0-M5,A3,256,57.561,0.5903
2.0.0-M5,A3,265,54.355,0.5789
2.0.0-M5,A3,274,52.149,0.5769
2.0.0-M5,A3,283,49.208,0.5828
2.0.0-M5,A3,292,46.177,0.5864
2.0.0-M5,A3,301,44.034,0.5839
2.0.0-M5,A3,310,41.758,0.5812
2.0.0-M5,A3,319,39.303,0.5773
2.0.0-M5,A4,4,742.002,0.0766
2.0.0-M5,A4,12,623.592,0.1762
2.0.0-M5,A4,20,524.706,0.2726
2.0.0-M5,A4,28,437.475,0.3656
2.0.0-M5,A4,36,365.069,0.439
2.0.0-M5,A4,44,303.278,0.4982
2.0.0-M5,A4,52,254.397,0.5551
2.0.0-M5,A4,60,211.941,0.593
2.0.0-M5,A4,68,179.419,0.6222
2.0.0-M5,A4,76,156.349,0.6334
2.0.0-M5,A4,84,133.322,0.6522
2.0.0-M5,A4,92,118.687,0.6606
2.0.0-M5,A4,100,105.9,0.6831
2.0.0-M5,A4,108,97.5,0.6709
2.0.0-M5,A4,116,89.522,0.6753
2.0.0-M5,A4,124,83.111,0.649
2.0.0-M5,A4,132,77.136,0.6585
2.0.0-M5,A4,140,71.178,0.6526
2.0.0-M5,A4,148,66.91,0.6573
2.0.0-M5,A4,156,62.659,0.6264
2.0.0-M5,A4,164,57.244,0.658
2.0.0-M5,A4,172,55.459,0.6215
2.0.0-M5,A4,180,51.726,0.6566
2.0.0-M5,A4,188,49.16,0.6212
2.0.0-M5,A4,196,45.793,0.6377
2.0.0-M5,A4,204,42.398,0.6379
2.0.0-M5,A4,212,40.091,0.6411
2.0.0-M5,A4,220,37.475,0.6159
2.0.0-M5,A4,228,35.289,0.6207
2.0.0-M5,A4,236,32.832,0.6218
2.0.0-M5,A4,244,30.364,0.6225
2.0.0-M5,A4,252,27.744,0.6411
2.0.0-M5,A4,260,26.461,0.6171
2.0.0-M5,A4,268,24.232,0.6362
2.0.0-M6,A3,4,869.89,0.0825
2.0.0-M6,A3,13,717.022,0.1891
2.0.0-M6,A3,22,596.348,0.2811
2.0.0-M6,A3,31,514.667,0.3414
2.0.0-M6,A3,40,428.756,0.4127
2.0.0-M6,A3,49,356.177,0.4816
2.0.0-M6,A3,58,300.13,0.5208
2.0.0-M6,A3,67,252.4,0.5598
2.0.0-M6,A3,76,224.466,0.5682
2.0.0-M6,A3,85,192.701,0.5886
2.0.0-M6,A3,94,173.415,0.5999
2.0.0-M6,A3,103,159.436,0.6003
2.0.0-M6,A3,112,144.097,0.6117
2.0.0-M6,A3,121,132.658,0.6112
2.0.0-M6,A3,130,125.673,0.5953
2.0.0-M6,A3,139,116.971,0.5955
2.0.0-M6,A3,148,108.445,0.6074
2.0.0-M6,A3,157,101.553,0.5945
2.0.0-M6,A3,166,96.627,0.5948
2.0.0-M6,A3,175,91.513,0.5933
2.0.0-M6,A3,184,85.728,0.5892
2.0.0-M6,A3,193,81.345,0.5884
2.0.0-M6,A3,202,76.411,0.5814
2.0.0-M6,A3,211,72.727,0.5844
2.0.0-M6,A3,220,68.731,0.5834
2.0.0-M6,A3,229,64.779,0.5905
2.0.0-M6,A3,238,62.371,0.5889
2.0.0-M6,A3,247,58.602,0.6068
2.0.0-M6,A3,256,56.055,0.586
2.0.0-M6,A3,265,53.041,0.5809
2.0.0-M6,A3,274,49.928,0.5849
2.0.0-M6,A3,283,47.279,0.5745
2.0.0-M6,A3,292,44.207,0.5937
2.0.0-M6,A3,301,42.817,0.5783
2.0.0-M6,A3,310,40.412,0.5716
2.0.0-M6,A3,319,37.779,0.5697
2.0.0-M6,A4,4,738.742,0.0736
2.0.0-M6,A4,12,618.408,0.1813
2.0.0-M6,A4,20,521.679,0.2771
2.0.0-M6,A4,28,436.664,0.3644
2.0.0-M6,A4,36,371.132,0.4234
2.0.0-M6,A4,44,303.28,0.4977
2.0.0-M6,A4,52,247.028,0.5613
2.0.0-M6,A4,60,210.919,0.5904
2.0.0-M6,A4,68,180.239,0.6092
2.0.0-M6,A4,76,153.292,0.6484
2.0.0-M6,A4,84,134.625,0.6613
2.0.0-M6,A4,92,120.892,0.6635
2.0.0-M6,A4,100,110.04,0.661
2.0.0-M6,A4,108,99.135,0.673
2.0.0-M6,A4,116,92.089,0.6675
2.0.0-M6,A4,124,83.039,0.658
2.0.0-M6,A4,132,78.562,0.6477
2.0.0-M6,A4,140,72.96,0.6389
2.0.0-M6,A4,148,68.419,0.6258
2.0.0-M6,A4,156,62.437,0.6379
2.0.0-M6,A4,164,58.936,0.6412
2.0.0-M6,A4,172,54.572,0.6313
2.0.0-M6,A4,180,51.41,0.6286
2.0.0-M6,A4,188,48.466,0.6481
2.0.0-M6,A4,196,45.644,0.6346
2.0.0-M6,A4,204,42.447,0.6401
2.0.0-M6,A4,212,40.114,0.6236
2.0.0-M6,A4,220,37.408,0.6342
2.0.0-M6,A4,228,35.09,0.6217
2.0.0-M6,A4,236,32.754,0.621
2.0.0-M6,A4,244,30.488,0.6177
2.0.0-M6,A4,252,28.19,0.6144
2.0.0-M6,A4,260,26.298,0.6123
2.0.0-M6,A4,268,24.645,0.6259
2.0.0-M7,A3,4,859.035,0.0832
2.0.0-M7,A3,13,709.467,0.1855
2.0.0-M7,A3,22,594.435,0.2779
2.0.0-M7,A3,31,498.878,0.3521
2.0.0-M7,A3,40,421.657,0.4147
2.0.0-M7,A3,49,356.966,0.4608
2.0.0-M7,A3,58,298.058,0.5108
2.0.0-M7,A3,67,256.909,0.5492
2.0.0-M7,A3,76,217.878,0.5835
2.0.0-M7,A3,85,192.226,0.5965
2.0.0-M7,A3,94,170.541,0.613
2.0.0-M7,A3,103,158.964,0.6002
2.0.0-M7,A3,112,144.78,0.5915
2.0.0-M7,A3,121,133.677,0.6181
2.0.0-M7,A3,130,125.05,0.5876
2.0.0-M7,A3,139,114.806,0.6143
2.0.0-M7,A3,148,108.532,0.596
2.0.0-M7,A3,157,101.661,0.5976
2.0.0-M7,A3,166,95.658,0.5881
2.0.0-M7,A3,175,90.568,0.5879
2.0.0-M7,A3,184,86.552,0.5753
2.0.0-M7,A3,193,81.287,0.5767
2.0.0-M7,A3,202,76.276,0.5861
2.0.0-M7,A3,211,72.29,0.5913
2.0.0-M7,A3,220,68.907,0.586
2.0.0-M7,A3,229,64.942,0.5908
2.0.0-M7,A3,238,62.315,0.5887
2.0.0-M7,A3,247,57.701,0.5817
2.0.0-M7,A3,256,54.621,0.5886
2.0.0-M7,A3,265,52.698,0.5952
2.0.0-M7,A3,274,49.464,0.5824
2.0.0-M7,A3,283,47.229,0.5773
2.0.0-M7,A3,292,44.503,0.5764
2.0.0-M7,A3,301,42.05,0.5726
2.0.0-M7,A3,310,39.345,0.5851
2.0.0-M7,A3,319,37.591,0.5732
2.0.0-M7,A4,4,728.392,0.0724
2.0.0-M7,A4,12,615.168,0.1662
2.0.0-M7,A4,20,522.219,0.2655
2.0.0-M7,A4,28,440.773,0.3445
2.0.0-M7,A4,36,359.008,0.4381
2.0.0-M7,A4,44,304.775,0.4892
2.0.0-M7,A4,52,254.202,0.5464
2.0.0-M7,A4,60,211.035,0.587
2.0.0-M7,A4,68,181.065,0.6137
2.0.0-M7,A4,76,154.562,0.6288
2.0.0-M7,A4,84,137.612,0.6498
2.0.0-M7,A4,92,122.112,0.6447
2.0.0-M7,A4,100,108.908,0.6609
2.0.0-M7,A4,108,97.273,0.6717
2.0.0-M7,A4,116,89.302,0.6621
2.0.0-M7,A4,124,82.631,0.6674
2.0.0-M7,A4,132,75.721,0.6515
2.0.0-M7,A4,140,71.12,0.6546
2.0.0-M7,A4,148,66.452,0.6292
2.0.0-M7,A4,156,61.17,0.6401
2.0.0-M7,A4,164,56.84,0.6427
2.0.0-M7,A4,172,53.499,0.6511
2.0.0-M7,A4,180,50.627,0.6456
2.0.0-M7,A4,188,47.437,0.649
2.0.0-M7,A4,196,43.898,0.6602
2.0.0-M7,A4,204,41.274,0.6488
2.0.0-M7,A4,212,38.985,0.6422
2.0.0-M7,A4,220,36.244,0.6334
2.0.0-M7,A4,228,34.224,0.6144
2.0.0-M7,A4,236,31.608,0.6321
2.0.0-M7,A4,244,29.811,0.6435
2.0.0-M7,A4,252,27.511,0.6255
2.0.0-M7,A4,260,25.866,0.645
2.0.0-M8,A3,4,860.672,0.0829
2.0.0-M8,A3,13,714.171,0.1791
2.0.0-M8,A3,22,593.674,0.2818
2.0.0-M8,A3,31,500.559,0.3504
2.0.0-M8,A3,40,421.06,0.4175
2.0.0-M8,A3,49,352.207,0.4713
2.0.0-M8,A3,58,299.181,0.5153
2.0.0-M8,A3,67,252.263,0.5493
2.0.0-M8,A3,76,220.812,0.5701
2.0.0-M8,A3,85,196.516,0.5868
2.0.0-M8,A3,94,176.563,0.5879
2.0.0-M8,A3,103,160.982,0.5909
2.0.0-M8,A3,112,146.688,0.594
2.0.0-M8,A3,121,133.749,0.6075
2.0.0-M8,A3,130,124.472,0.5883
2.0.0-M8,A3,139,116.719,0.5919
2.0.0-M8,A3,148,109.986,0.5951
2.0.0-M8,A3,157,104.113,0.579
2.0.0-M8,A3,166,95.852,0.5898
2.0.0-M8,A3,175,91.885,0.5857
2.0.0-M8,A3,184,86.469,0.5877
2.0.0-M8,A3,193,82.667,0.562
2.0.0-M8,A3,202,77.616,0.5825
2.0.0-M8,A3,211,72.767,0.5898
2.0.0-M8,A3,220,69.403,0.5875
2.0.0-M8,A3,229,66.997,0.5794
2.0.0-M8,A3,238,63.398,0.5797
2.0.0-M8,A3,247,59.701,0.593
2.0.0-M8,A3,256,56.438,0.5758
2.0.0-M8,A3,265,53.836,0.5634
2.0.0-M8,A3,274,51.052,0.5794
2.0.0-M8,A3,283,48.466,0.5751
2.0.0-M8,A3,292,45.912,0.571
2.0.0-M8,A3,301,43.452,0.5709
2.0.0-M8,A3,310,40.755,0.5723
2.0.0-M8,A3,319,38.382,0.5766
2.0.0-M8,A4,4,728.894,0.0738
2.0.0-M8,A4,12,619.025,0.1662
2.0.0-M8,A4,20,520.095,0.2729
2.0.0-M8,A4,28,434.831,0.3578
2.0.0-M8,A4,36,360.266,0.4321
2.0.0-M8,A4,44,292.858,0.5114
2.0.0-M8,A4,52,250.234,0.5489
2.0.0-M8,A4,60,206.098,0.5944
2.0.0-M8,A4,68,172.439,0.6267
2.0.0-M8,A4,76,152.66,0.6344
2.0.0-M8,A4,84,130.579,0.6506
2.0.0-M8,A4,92,117.136,0.652
2.0.0-M8,A4,100,105.143,0.6691
2.0.0-M8,A4,108,97.116,0.6464
2.0.0-M8,A4,116,88.002,0.6636
2.0.0-M8,A4,124,81.03,0.6616
2.0.0-M8,A4,132,74.029,0.6676
2.0.0-M8,A4,140,68.529,0.6694
2.0.0-M8,A4,148,65.514,0.6629
2.0.0-M8,A4,156,60.198,0.6752
2.0.0-M8,A4,164,56.373,0.6318
2.0.0-M8,A4,172,52.417,0.6536
2.0.0-M8,A4,180,49.181,0.6542
2.0.0-M8,A4,188,45.542,0.6436
2.0.0-M8,A4,196,43.259,0.6364
2.0.0-M8,A4,204,40.643,0.6405
2.0.0-M8,A4,212,37.599,0.6414
2.0.0-M8,A4,220,35.727,0.625
2.0.0-M8,A4,228,33.331,0.6149
2.0.0-M8,A4,236,30.647,0.6523
2.0.0-M8,A4,244,28.692,0.6276
2.0.0-M8,A4,252,26.636,0.6338
2.0.0-M8,A4,260,24.893,0.6203
2.0.0,A3,4,866.946,0.0808
2.0.0,A3,13,724.031,0.1697
2.0.0,A3,22,607.929,0.2695
2.0.0,A3,31,510.704,0.3449
2.0.0,A3,40,426.099,0.4156
2.0.0,A3,49,363.855,0.4578
2.0.0,A3,58,303.62,0.509
2.0.0,A3,67,257.654,0.5495
2.0.0,A3,76,224.476,0.5711
2.0.0,A3,85,192.875,0.5841
2.0.0,A3,94,172.489,0.6093
2.0.0,A3,103,158.987,0.5995
2.0.0,A3,112,144.476,0.5991
2.0.0,A3,121,131.67,0.6132
2.0.0,A3,130,123.656,0.608
2.0.0,A3,139,116.758,0.5988
2.0.0,A3,148,109.185,0.5847
2.0.0,A3,157,101.579,0.5973
2.0.0,A3,166,95.378,0.5951
2.0.0,A3,175,89.301,0.588
2.0.0,A3,184,85.162,0.5881
2.0.0,A3,193,80.526,0.5867
2.0.0,A3,202,76.71,0.5785
2.0.0,A3,211,72.942,0.5845
2.0.0,A3,220,68.664,0.5836
2.0.0,A3,229,65.501,0.5742
2.0.0,A3,238,61.799,0.5898
2.0.0,A3,247,59.333,0.585
2.0.0,A3,256,56.259,0.5879
2.0.0,A3,265,53.492,0.5809
2.0.0,A3,274,50.637,0.5705
2.0.0,A3,283,48.085,0.5759
2.0.0,A3,292,45.202,0.5765
2.0.0,A3,301,43.092,0.5716
2.0.0,A3,310,40.053,0.5756
2.0.0,A3,319,38.474,0.5569
2.0.0,A4,4,737.763,0.0862
2.0.0,A4,12,623.507,0.175
2.0.0,A4,20,518.991,0.2766
2.0.0,A4,28,438.64,0.3571
2.0.0,A4,36,367.073,0.4283
2.0.0,A4,44,310.363,0.4911
2.0.0,A4,52,260.503,0.537
2.0.0,A4,60,217.784,0.5781
2.0.0,A4,68,184.403,0.6046
2.0.0,A4,76,159.626,0.6262
2.0.0,A4,84,139.71,0.6358
2.0.0,A4,92,128.68,0.6352
2.0.0,A4,100,115.039,0.6425
2.0.0,A4,108,105.754,0.6224
2.0.0,A4,116,98.828,0.6191
2.0.0,A4,124,91.137,0.625
2.0.0,A4,132,83.818,0.6319
2.0.0,A4,140,80.039,0.6122
2.0.0,A4,148,73.562,0.6317
2.0.0,A4,156,68.943,0.6296
2.0.0,A4,164,64.56,0.6325
2.0.0,A4,172,61.482,0.6006
2.0.0,A4,180,57.378,0.6097
2.0.0,A4,188,53.453,0.6296
2.0.0,A4,196,51.03,0.6034
2.0.0,A4,204,48.087,0.606
2.0.0,A4,212,44.935,0.6094
2.0.0,A4,220,41.855,0.62
2.0.0,A4,228,40.295,0.6085
2.0.0,A4,236,36.933,0.6166
2.0.0,A4,244,35.5,0.5955
2.0.0,A4,252,33.092,0.6035
2.0.0,A4,260,30.483,0.6095
2.0.0,A4,268,28.414,0.616
2.1.0-M1,A3,4,909.892,0.0824
2.1.0-M1,A3,14,743.898,0.1822
2.1.0-M1,A3,24,610.906,0.2867
2.1.0-M1,A3,34,500.929,0.3661
2.1.0-M1,A3,44,409.626,0.4463
2.1.0-M1,A3,54,343.508,0.4974
2.1.0-M1,A3,64,285.39,0.5394
2.1.0-M1,A3,74,241.07,0.566
2.1.0-M1,A3,84,207.848,0.5894
2.1.0-M1,A3,94,187.702,0.6012
2.1.0-M1,A3,104,167.999,0.5997
2.1.0-M1,A3,114,154.98,0.6
2.1.0-M1,A3,124,142.41,0.5976
2.1.0-M1,A3,134,131.415,0.5956
2.1.0-M1,A3,144,123.482,0.5872
2.1.0-M1,A3,154,115.786,0.5924
2.1.0-M1,A3,164,106.652,0.586
2.1.0-M1,A3,174,101.077,0.5687
2.1.0-M1,A3,184,94.714,0.5692
2.1.0-M1,A3,194,88.931,0.5652
2.1.0-M1,A3,204,85.228,0.5671
2.1.0-M1,A3,214,80.861,0.5591
2.1.0-M1,A3,224,74.747,0.5682
2.1.0-M1,A3,234,72.468,0.561
2.1.0-M1,A3,244,67.446,0.563
2.1.0-M1,A3,254,65.405,0.5644
2.1.0-M1,A3,264,61.131,0.568
2.1.0-M1,A3,274,58.275,0.5613
2.1.0-M1,A3,284,55.028,0.5627
2.1.0-M1,A3,294,52.316,0.5579
2.1.0-M1,A3,304,49.299,0.5732
2.1.0-M1,A3,314,46.357,0.5608
2.1.0-M1,A3,324,43.672,0.57
2.1.0-M1,A3,334,41.636,0.5503
2.1.0-M1,A4,4,788.782,0.0763
2.1.0-M1,A4,12,661.997,0.1863
2.1.0-M1,A4,20,562.191,0.2672
2.1.0-M1,A4,28,467.398,0.366
2.1.0-M1,A4,36,390.855,0.4377
2.1.0-M1,A4,44,333.641,0.4884
2.1.0-M1,A4,52,282.547,0.5338
2.1.0-M1,A4,60,228.768,0.5935
2.1.0-M1,A4,68,194.033,0.6201
2.1.0-M1,A4,76,164.986,0.6397
2.1.0-M1,A4,84,145.682,0.6588
2.1.0-M1,A4,92,129.183,0.6641
2.1.0-M1,A4,100,120.216,0.6593
2.1.0-M1,A4,108,108.901,0.6552
2.1.0-M1,A4,116,99.377,0.6515
2.1.0-M1,A4,124,92.896,0.6614
2.1.0-M1,A4,132,86.439,0.6438
2.1.0-M1,A4,140,80.128,0.6349
2.1.0-M1,A4,148,75.893,0.6276
2.1.0-M1,A4,156,69.766,0.623
2.1.0-M1,A4,164,65.693,0.6251
2.1.0-M1,A4,172,62.306,0.6236
2.1.0-M1,A4,180,58.568,0.6151
2.1.0-M1,A4,188,55.722,0.6193
2.1.0-M1,A4,196,52.619,0.6082
2.1.0-M1,A4,204,49.408,0.6158
2.1.0-M1,A4,212,46.24,0.6337
2.1.0-M1,A4,220,43.918,0.6254
2.1.0-M1,A4,228,41.703,0.5957
2.1.0-M1,A4,236,39.556,0.6027
2.1.0-M1,A4,244,37.27,0.6123
2.1.0-M1,A4,252,34.494,0.6112
2.1.0-M1,A4,260,32.216,0.6151
2.1.0-M1,A4,268,30.554,0.6105
2.1.0-M1,A4,276,28.729,0.6104
2.1.0-M1,A4,284,26.785,0.6129
2.1.0-M1,A4,292,25.161,0.6163
