version,arch,classes,edges,clusters,singletons,max_cluster,mean_cluster,cohesion,coupling,basic_mq,turbo_mq,turbo_mq_norm,intra_ratio,ari_vs_packages
0.8.0,A1,284,827,54,1,34,5.259,0.22652,0.004379,0.22214,24.691,0.4572,0.4728,0.2987
0.8.0,A2,261,580,53,1,27,4.925,0.22953,0.003516,0.22602,28.277,0.5335,0.5741,0.317
0.8.0,A3,284,827,36,0,16,7.889,0.17187,0.004626,0.16725,20.085,0.5579,0.3809,0.4112
0.8.0,A4,261,580,36,0,19,7.25,0.19616,0.002515,0.19364,24.696,0.686,0.5,0.3556
0.8.0,PKG,284,827,82,15,14,3.463,0.14702,0.007836,0.13919,20.848,0.2542,0.2721,1.0
0.8.0,PKG_nonoise,261,580,81,16,14,3.222,0.13849,0.007626,0.13087,22.497,0.2777,0.3224,1.0
1.0.0-M1,A1,479,1593,85,2,41,5.635,0.23219,0.003134,0.22905,37.419,0.4402,0.4131,0.2597
1.0.0-M1,A2,366,557,94,4,21,3.894,0.2265,0.001748,0.22475,58.476,0.6221,0.6786,0.3852
1.0.0-M1,A3,479,1593,60,0,16,7.983,0.16636,0.003048,0.16331,31.726,0.5288,0.3327,0.3285
1.0.0-M1,A4,366,557,58,0,16,6.31,0.2024,0.000846,0.20155,48.222,0.8314,0.8097,0.3975
1.0.0-M1,PKG,479,1593,140,33,27,3.421,0.14769,0.004737,0.14295,32.85,0.2346,0.2398,1.0
1.0.0-M1,PKG_nonoise,366,557,107,17,23,3.421,0.15958,0.002801,0.15678,41.652,0.3893,0.4399,1.0
1.0.0-M2,A1,650,2329,108,1,63,6.019,0.23378,0.002007,0.23177,45.462,0.4209,0.4019,0.2055
1.0.0-M2,A2,502,822,121,2,33,4.149,0.2338,0.001251,0.23255,73.352,0.6062,0.6642,0.3317
1.0.0-M2,A3,650,2329,70,0,23,9.286,0.15582,0.002177,0.15364,37.558,0.5365,0.3237,0.3116
1.0.0-M2,A4,502,822,64,0,18,7.844,0.17739,0.00046,0.17693,54.694,0.8546,0.8224,0.3681
1.0.0-M2,PKG,650,2329,184,52,38,3.533,0.13941,0.003459,0.13596,39.048,0.2122,0.2224,1.0
1.0.0-M2,PKG_nonoise,502,822,145,34,33,3.462,0.14705,0.002342,0.14471,50.787,0.3503,0.4209,1.0
1.0.0-M3,A1,691,2680,112,1,76,6.17,0.23066,0.002058,0.2286,46.997,0.4196,0.3918,0.199
1.0.0-M3,A2,558,944,124,2,27,4.5,0.23203,0.001124,0.23091,78.004,0.6291,0.6896,0.3204
1.0.0-M3,A3,691,2680,64,0,28,10.797,0.13744,0.001981,0.13546,34.898,0.5453,0.3104,0.2773
1.0.0-M3,A4,558,944,69,0,16,8.087,0.17988,0.000404,0.17947,59.275,0.8591,0.8358,0.3468
1.0.0-M3,PKG,691,2680,196,57,38,3.526,0.13357,0.003251,0.13032,40.015,0.2042,0.203,1.0
1.0.0-M3,PKG_nonoise,558,944,167,45,36,3.341,0.13425,0.002139,0.13211,53.218,0.3187,0.3909,1.0
1.0.0-M4,A1,723,2895,110,1,41,6.573,0.22648,0.002312,0.22417,45.668,0.4152,0.3869,0.2242
1.0.0-M4,A2,591,1046,124,3,27,4.766,0.22729,0.001156,0.22613,77.461,0.6247,0.6883,0.3062
1.0.0-M4,A3,723,2895,74,0,21,9.77,0.14716,0.002482,0.14468,38.063,0.5144,0.3043,0.2976
1.0.0-M4,A4,591,1046,69,0,17,8.565,0.17829,0.000477,0.17781,58.228,0.8439,0.8279,0.3357
1.0.0-M4,PKG,723,2895,206,56,42,3.51,0.13652,0.003325,0.13319,40.387,0.1961,0.1969,1.0
1.0.0-M4,PKG_nonoise,591,1046,181,46,37,3.265,0.13609,0.002321,0.13377,54.134,0.2991,0.3728,1.0
1.0.0-M5,A1,744,3053,116,1,38,6.414,0.23457,0.002686,0.23189,46.033,0.3968,0.3708,0.252
1.0.0-M5,A2,610,1080,131,3,27,4.656,0.23233,0.001133,0.23119,82.342,0.6286,0.6833,0.3616
1.0.0-M5,A3,744,3053,74,0,26,10.054,0.14613,0.002309,0.14382,38.73,0.5234,0.2882,0.2349
1.0.0-M5,A4,610,1080,70,0,19,8.714,0.17505,0.000461,0.17458,58.47,0.8353,0.8176,0.3887
1.0.0-M5,PKG,744,3053,225,58,19,3.307,0.14386,0.003365,0.1405,42.088,0.1871,0.1896,1.0
1.0.0-M5,PKG_nonoise,610,1080,200,48,14,3.05,0.14483,0.002102,0.14273,63.594,0.318,0.3731,1.0
1.0.0-M6,A1,756,3104,124,2,50,6.097,0.23666,0.002831,0.23383,49.038,0.3955,0.374,0.2423
1.0.0-M6,A2,581,1082,129,3,27,4.504,0.23128,0.001331,0.22995,75.094,0.5821,0.6534,0.3862
1.0.0-M6,A3,756,3104,74,0,23,10.216,0.13095,0.00255,0.1284,38.189,0.5161,0.3122,0.2663
1.0.0-M6,A4,581,1082,69,0,18,8.42,0.16979,0.000606,0.16918,54.849,0.7949,0.7763,0.3859
1.0.0-M6,PKG,756,3104,226,56,22,3.345,0.1512,0.003382,0.14782,44.338,0.1962,0.1946,1.0
1.0.0-M6,PKG_nonoise,581,1082,185,39,14,3.141,0.15012,0.002405,0.14772,59.046,0.3192,0.3641,1.0
1.0.0-M7,A1,804,3241,142,4,58,5.662,0.23324,0.00286,0.23038,57.026,0.4016,0.3644,0.216
1.0.0-M7,A2,703,1864,139,2,21,5.058,0.23371,0.001484,0.23223,70.37,0.5063,0.463,0.2919
1.0.0-M7,A3,804,3241,76,0,26,10.579,0.13508,0.00215,0.13293,38.874,0.5115,0.3156,0.2435
1.0.0-M7,A4,703,1864,74,0,22,9.5,0.15004,0.001332,0.14871,47.712,0.6448,0.4662,0.2766
1.0.0-M7,PKG,804,3241,234,59,19,3.436,0.14461,0.003247,0.14137,45.333,0.1937,0.2015,1.0
1.0.0-M7,PKG_nonoise,703,1864,210,43,15,3.348,0.15062,0.002783,0.14784,51.773,0.2465,0.2634,1.0
1.0.0-M8,A1,787,3097,137,3,54,5.745,0.22938,0.002877,0.2265,55.421,0.4045,0.3784,0.2421
1.0.0-M8,A2,678,1762,129,1,28,5.256,0.2332,0.001548,0.23165,67.551,0.5237,0.483,0.2811
1.0.0-M8,A3,787,3097,81,0,26,9.716,0.14109,0.002652,0.13844,39.657,0.4896,0.3003,0.265
1.0.0-M8,A4,678,1762,76,0,22,8.921,0.15797,0.001405,0.15656,50.161,0.66,0.4716,0.278
1.0.0-M8,PKG,787,3097,233,61,19,3.378,0.14033,0.003279,0.13706,44.134,0.1894,0.2034,1.0
1.0.0-M8,PKG_nonoise,678,1762,208,48,15,3.26,0.14207,0.002819,0.13925,48.38,0.2326,0.2599,1.0
1.0.0,A1,755,2969,141,3,37,5.355,0.23451,0.002962,0.23154,56.738,0.4024,0.3452,0.2648
1.0.0,A2,655,1678,134,1,21,4.888,0.23674,0.001558,0.23518,70.147,0.5235,0.4648,0.3028
1.0.0,A3,755,2969,81,0,24,9.321,0.13986,0.002495,0.13736,42.388,0.5233,0.3227,0.2522
1.0.0,A4,655,1678,76,0,24,8.618,0.16079,0.001102,0.15969,51.776,0.6813,0.4744,0.2749
1.0.0,PKG,755,2969,221,52,19,3.416,0.14598,0.003352,0.14263,43.494,0.1968,0.1977,1.0
1.0.0,PKG_nonoise,655,1678,197,39,15,3.325,0.15219,0.002719,0.14947,50.246,0.2551,0.2712,1.0
1.1.0-M1,A1,814,3194,143,2,38,5.692,0.23298,0.002531,0.23045,58.53,0.4093,0.3604,0.2567
1.1.0-M1,A2,690,1760,134,1,24,5.149,0.23636,0.001506,0.23486,71.23,0.5316,0.4898,0.2899
1.1.0-M1,A3,814,3194,76,0,31,10.711,0.13635,0.002125,0.13423,40.549,0.5335,0.3244,0.2462
1.1.0-M1,A4,690,1760,76,0,25,9.079,0.15523,0.001226,0.154,50.979,0.6708,0.4801,0.2819
1.1.0-M1,PKG,814,3194,244,59,19,3.336,0.14332,0.003141,0.14018,46.763,0.1917,0.2001,1.0
1.1.0-M1,PKG_nonoise,690,1760,211,42,15,3.27,0.15338,0.002708,0.15067,52.703,0.2498,0.2739,1.0
1.1.0-M2,A1,863,3365,153,2,38,5.641,0.2367,0.002439,0.23426,62.992,0.4117,0.3605,0.254
1.1.0-M2,A2,715,1818,142,1,24,5.035,0.23893,0.001588,0.23735,74.094,0.5218,0.4868,0.2896
1.1.0-M2,A3,863,3365,84,0,29,10.274,0.12351,0.002043,0.12147,42.529,0.5063,0.31,0.2502
1.1.0-M2,A4,715,1818,74,0,25,9.662,0.14804,0.001268,0.14677,49.332,0.6667,0.4813,0.2725
1.1.0-M2,PKG,863,3365,258,62,19,3.345,0.14267,0.002813,0.13986,49.982,0.1937,0.2009,1.0
1.1.0-M2,PKG_nonoise,715,1818,219,42,15,3.265,0.15381,0.002555,0.15126,55.005,0.2512,0.2767,1.0
1.1.0-M3,A1,884,3387,156,2,38,5.667,0.2342,0.002324,0.23187,64.696,0.4147,0.3626,0.2465
1.1.0-M3,A2,735,1819,145,1,24,5.069,0.23479,0.001488,0.2333,77.687,0.5358,0.4948,0.2841
1.1.0-M3,A3,884,3387,84,0,34,10.524,0.1295,0.001555,0.12795,46.175,0.5497,0.3268,0.2507
1.1.0-M3,A4,735,1819,67,0,27,10.97,0.13595,0.001083,0.13487,46.243,0.6902,0.4964,0.2405
1.1.0-M3,PKG,884,3387,263,62,19,3.361,0.14058,0.002726,0.13785,50.522,0.1921,0.2005,1.0
1.1.0-M3,PKG_nonoise,735,1819,223,43,15,3.296,0.14869,0.002457,0.14623,56.197,0.252,0.2793,1.0
1.1.0-M4,A1,901,3472,156,2,41,5.776,0.23294,0.002249,0.23069,64.549,0.4138,0.3669,0.248
1.1.0-M4,A2,750,1863,147,1,23,5.102,0.23481,0.001465,0.23335,79.229,0.539,0.4954,0.2915
1.1.0-M4,A3,901,3472,94,0,30,9.585,0.13409,0.002334,0.13176,47.59,0.5063,0.2984,0.2736
1.1.0-M4,A4,750,1863,74,0,25,10.135,0.13542,0.001124,0.13429,50.38,0.6808,0.4852,0.2613
1.1.0-M4,PKG,901,3472,264,61,19,3.413,0.14208,0.002692,0.13939,51.056,0.1934,0.1999,1.0
1.1.0-M4,PKG_nonoise,750,1863,225,43,15,3.333,0.15035,0.002433,0.14792,56.924,0.253,0.2791,1.0
1.1.0,A1,901,3440,158,2,41,5.703,0.23284,0.002194,0.23065,66.276,0.4195,0.366,0.2472
1.1.0,A2,745,1816,149,1,23,5.0,0.23444,0.001408,0.23303,81.96,0.5501,0.4989,0.2937
1.1.0,A3,901,3440,85,0,26,10.6,0.12546,0.00222,0.12324,43.572,0.5126,0.3058,0.2658
1.1.0,A4,745,1816,74,0,25,10.068,0.14087,0.001062,0.13981,49.985,0.6755,0.4879,0.2548
1.1.0,PKG,901,3440,264,62,19,3.413,0.14119,0.00268,0.13851,50.739,0.1922,0.2015,1.0
1.1.0,PKG_nonoise,745,1816,225,43,15,3.311,0.15025,0.002394,0.14785,56.979,0.2532,0.2825,1.0
2.0.0-M1,A1,933,3590,163,3,43,5.724,0.23084,0.002452,0.22839,67.53,0.4143,0.3604,0.2483
2.0.0-M1,A2,778,1909,153,1,24,5.085,0.23475,0.001372,0.23338,83.952,0.5487,0.495,0.2968
2.0.0-M1,A3,933,3590,85,0,28,10.976,0.12172,0.001678,0.12004,44.962,0.529,0.3245,0.236
2.0.0-M1,A4,778,1909,74,0,26,10.514,0.13614,0.000959,0.13518,51.383,0.6944,0.5034,0.2731
2.0.0-M1,PKG,933,3590,268,60,19,3.481,0.14223,0.002593,0.13964,52.799,0.197,0.2011,1.0
2.0.0-M1,PKG_nonoise,778,1909,231,42,15,3.368,0.15163,0.002278,0.14936,60.192,0.2606,0.2844,1.0
2.0.0-M2,A1,968,3746,169,2,39,5.728,0.23191,0.002154,0.22976,69.293,0.41,0.3534,0.2556
2.0.0-M2,A2,814,1987,161,1,25,5.056,0.23318,0.001301,0.23188,88.324,0.5486,0.4952,0.3077
2.0.0-M2,A3,968,3746,94,0,30,10.298,0.12093,0.001862,0.11907,45.639,0.4855,0.275,0.2214
2.0.0-M2,A4,814,1987,76,0,28,10.711,0.13312,0.000873,0.13224,53.12,0.6989,0.5194,0.2648
2.0.0-M2,PKG,968,3746,281,60,19,3.445,0.14652,0.002518,0.144,56.887,0.2024,0.1997,1.0
2.0.0-M2,PKG_nonoise,814,1987,245,42,15,3.322,0.15544,0.002195,0.15324,65.819,0.2686,0.2879,1.0
2.0.0-M3,A1,1087,4181,203,2,55,5.355,0.23475,0.001893,0.23286,81.901,0.4035,0.3576,0.2397
2.0.0-M3,A2,923,2440,185,1,25,4.989,0.23485,0.001375,0.23347,92.432,0.4996,0.4602,0.2835
2.0.0-M3,A3,1087,4181,94,0,35,11.564,0.12729,0.001556,0.12573,49.93,0.5312,0.3387,0.2324
2.0.0-M3,A4,923,2440,76,0,28,12.145,0.12868,0.001258,0.12743,50.122,0.6595,0.5037,0.2728
2.0.0-M3,PKG,1087,4181,303,57,19,3.587,0.13902,0.002306,0.13672,58.795,0.194,0.2,1.0
2.0.0-M3,PKG_nonoise,923,2440,266,42,16,3.47,0.14713,0.002172,0.14495,65.636,0.2468,0.2631,1.0
2.0.0-M4,A1,1088,4181,203,2,55,5.36,0.23474,0.001891,0.23284,81.936,0.4036,0.358,0.2409
2.0.0-M4,A2,924,2440,186,1,25,4.968,0.23522,0.001366,0.23386,92.819,0.499,0.4607,0.285
2.0.0-M4,A3,1088,4181,84,0,35,12.952,0.11843,0.001728,0.1167,43.575,0.5187,0.3411,0.2406
2.0.0-M4,A4,924,2440,85,0,27,10.871,0.13779,0.000994,0.1368,55.856,0.6571,0.5164,0.2712
2.0.0-M4,PKG,1088,4181,303,57,19,3.591,0.13903,0.002301,0.13673,58.821,0.1941,0.2002,1.0
2.0.0-M4,PKG_nonoise,924,2440,266,42,16,3.474,0.14715,0.002157,0.14499,65.674,0.2469,0.2635,1.0
2.0.0-M5,A1,986,3583,184,0,51,5.359,0.23669,0.001839,0.23485,74.859,0.4068,0.3818,0.2574
2.0.0-M5,A2,823,2162,169,1,28,4.87,0.23528,0.001644,0.23363,81.094,0.4798,0.457,0.2875
2.0.0-M5,A3,986,3583,94,0,32,10.489,0.14215,0.001685,0.14047,50.691,0.5393,0.3511,0.2681
2.0.0-M5,A4,823,2162,84,0,27,9.798,0.15528,0.001251,0.15403,53.018,0.6312,0.5014,0.2967
2.0.0-M5,PKG,986,3583,278,51,19,3.547,0.14285,0.002486,0.14037,56.098,0.2018,0.2146,1.0
2.0.0-M5,PKG_nonoise,823,2162,244,39,17,3.373,0.15283,0.002444,0.15038,62.615,0.2566,0.2664,1.0
2.0.0-M6,A1,976,3554,182,1,50,5.363,0.2347,0.001891,0.23281,74.378,0.4087,0.3846,0.2501
2.0.0-M6,A2,817,2157,169,1,28,4.834,0.23725,0.001656,0.23559,81.292,0.481,0.4571,0.2818
2.0.0-M6,A3,976,3554,85,0,29,11.482,0.13182,0.001675,0.13014,45.635,0.5369,0.3585,0.2688
2.0.0-M6,A4,817,2157,76,0,28,10.75,0.14451,0.001132,0.14337,49.892,0.6565,0.5206,0.2888
2.0.0-M6,PKG,976,3554,275,51,19,3.549,0.14189,0.002523,0.13937,55.163,0.2006,0.2192,1.0
2.0.0-M6,PKG_nonoise,817,2157,243,41,17,3.362,0.15046,0.002466,0.148,61.339,0.2524,0.2712,1.0
2.0.0-M7,A1,960,3520,179,1,53,5.363,0.2338,0.002039,0.23176,73.324,0.4096,0.3872,0.24
2.0.0-M7,A2,806,2123,168,2,30,4.798,0.23456,0.001938,0.23262,80.249,0.4777,0.4588,0.2776
2.0.0-M7,A3,960,3520,85,0,30,11.294,0.13711,0.001485,0.13563,46.544,0.5476,0.3838,0.2588
2.0.0-M7,A4,806,2123,76,0,25,10.605,0.14374,0.001423,0.14232,47.361,0.6232,0.4974,0.2878
2.0.0-M7,PKG,960,3520,269,51,19,3.569,0.13983,0.002583,0.13725,52.945,0.1968,0.2185,1.0
2.0.0-M7,PKG_nonoise,806,2123,238,40,17,3.387,0.14745,0.002495,0.14496,58.822,0.2472,0.2704,1.0
2.0.0-M8,A1,963,3538,179,1,53,5.38,0.23396,0.002026,0.23193,73.185,0.4089,0.3858,0.2381
2.0.0-M8,A2,806,2118,167,1,30,4.826,0.23655,0.001677,0.23488,80.01,0.4791,0.4594,0.2773
2.0.0-M8,A3,963,3538,85,0,30,11.329,0.13556,0.002157,0.13341,45.825,0.5391,0.3694,0.2628
2.0.0-M8,A4,806,2118,84,0,24,9.595,0.15565,0.001398,0.15425,53.998,0.6428,0.5113,0.2998
2.0.0-M8,PKG,963,3538,270,52,19,3.567,0.14005,0.002523,0.13753,53.074,0.1966,0.2182,1.0
2.0.0-M8,PKG_nonoise,806,2118,238,40,17,3.387,0.14815,0.00243,0.14572,59.379,0.2495,0.2715,1.0
2.0.0,A1,966,3451,178,1,54,5.427,0.23294,0.001844,0.23109,73.488,0.4129,0.3996,0.2375
2.0.0,A2,826,2434,167,1,34,4.946,0.23644,0.001769,0.23467,75.642,0.4529,0.4339,0.2652
2.0.0,A3,966,3451,85,0,27,11.365,0.13683,0.001552,0.13528,47.037,0.5534,0.3967,0.2674
2.0.0,A4,826,2434,76,0,26,10.868,0.14581,0.001261,0.14455,47.078,0.6194,0.4926,0.2795
2.0.0,PKG,966,3451,274,56,19,3.526,0.14225,0.002506,0.13975,55.833,0.2038,0.2252,1.0
2.0.0,PKG_nonoise,826,2434,242,45,17,3.413,0.14941,0.002621,0.14679,58.165,0.2404,0.2551,1.0
2.1.0-M1,A1,1016,3725,185,1,50,5.492,0.23107,0.001699,0.22938,76.096,0.4113,0.404,0.24
2.1.0-M1,A2,879,2582,174,1,35,5.052,0.23074,0.001807,0.22893,79.295,0.4557,0.4396,0.2688
2.1.0-M1,A3,1016,3725,84,0,32,12.095,0.13482,0.001548,0.13327,47.6,0.5667,0.4011,0.2598
2.1.0-M1,A4,879,2582,76,0,28,11.566,0.14621,0.001163,0.14505,49.218,0.6476,0.5178,0.2891
2.1.0-M1,PKG,1016,3725,282,56,19,3.603,0.14263,0.002421,0.14021,56.873,0.2017,0.2258,1.0
2.1.0-M1,PKG_nonoise,879,2582,252,45,17,3.488,0.14734,0.002489,0.14485,59.083,0.2345,0.2634,1.0
