version,A1_vs_PKG,A2_vs_PKG,A3_vs_PKG,A4_vs_PKG,AI_vs_PKG,A1_vs_AI,A2_vs_AI,A3_vs_AI,A4_vs_AI,PKG_vs_AI
0.8.0,47.6,50.2,51.29,50.2,,,,,,
1.0.0-M1,45.81,61.3,45.81,54.24,,,,,,
1.0.0-M2,45.74,59.34,44.16,50.31,,,,,,
1.0.0-M3,44.15,54.88,41.33,48.25,,,,,,
1.0.0-M4,42.72,52.26,41.87,46.53,,,,,,
1.0.0-M5,44.84,54.87,36.59,46.14,,,,,,
1.0.0-M6,45.61,58.27,37.79,47.18,,,,,,
1.0.0-M7,46.19,49.27,37.56,40.55,,,,,,
1.0.0-M8,46.04,48.11,38.65,39.97,,,,,,
1.0.0,47.9,50.78,38.97,40.47,,,,,,
1.1.0-M1,46.37,49.04,36.59,40.59,,,,,,
1.1.0-M2,46.87,49.71,37.19,39.57,,,,,,
1.1.0-M3,46.2,48.89,36.98,36.53,,,,,,
1.1.0-M4,45.99,49.25,39.21,38.1,,,,,,
1.1.0,46.33,50.14,38.31,37.26,,,,,,
2.0.0-M1,45.91,49.28,35.66,38.93,,,,,,
2.0.0-M2,46.64,50.44,35.29,38.92,,,,,,
2.0.0-M3,45.14,48.07,36.17,37.27,,,,,,
2.0.0-M4,45.19,48.46,33.71,38.66,,,,,,
2.0.0-M5,46.6,49.01,38.35,41.21,,,,,,
2.0.0-M6,45.78,48.56,36.81,38.45,,,,,,
2.0.0-M7,45.17,48.1,36.9,38.23,,,,,,
2.0.0-M8,45.14,48.35,36.79,40.51,,,,,,
2.0.0,44.99,47.78,36.99,37.9,,,,,,
2.1.0-M1,44.74,47.16,35.94,39.4,11.71,53.69,55.13,65.44,65.4,73.11
