from,to,A1,A2,A3,A4
0.8.0,1.0.0-M1,85.53,87.58,78.57,67.3
1.0.0-M1,1.0.0-M2,86.88,94.72,85.52,88.2
1.0.0-M2,1.0.0-M3,93.27,91.97,85.55,90.27
1.0.0-M3,1.0.0-M4,95.52,97.5,88.24,92.34
1.0.0-M4,1.0.0-M5,94.49,97.15,85.98,92.8
1.0.0-M5,1.0.0-M6,98.05,96.82,88.02,87.72
1.0.0-M6,1.0.0-M7,83.27,84.08,81.56,76.25
1.0.0-M7,1.0.0-M8,91.23,95.83,85.16,88.41
1.0.0-M8,1.0.0,93.39,97.75,83.72,87.33
1.0.0,1.1.0-M1,98.05,97.94,84.12,88.06
1.1.0-M1,1.1.0-M2,98.23,99.55,85.34,88.77
1.1.0-M2,1.1.0-M3,99.76,99.71,85.94,88.1
1.1.0-M3,1.1.0-M4,98.49,99.16,84.67,88.92
1.1.0-M4,1.1.0,97.55,98.32,83.02,86.96
1.1.0,2.0.0-M1,99.43,99.03,82.76,87.02
2.0.0-M1,2.0.0-M2,98.56,99.73,84.94,88.71
2.0.0-M2,2.0.0-M3,96.22,98.41,77.56,83.67
2.0.0-M3,2.0.0-M4,100.0,99.89,80.81,88.78
2.0.0-M4,2.0.0-M5,92.86,92.74,84.83,85.82
2.0.0-M5,2.0.0-M6,99.16,99.24,83.6,86.51
2.0.0-M6,2.0.0-M7,97.54,98.84,85.84,87.55
2.0.0-M7,2.0.0-M8,99.36,98.85,85.93,88.35
2.0.0-M8,2.0.0,97.59,96.01,81.12,82.8
2.0.0,2.1.0-M1,96.72,96.38,83.12,86.48
