version,jnode3_noise,jnode3_degenerate,jnode4_noise,common,jaccard
0.8.0,0,True,0,0,1.0
1.0.0-M1,201,False,199,199,0.99
1.0.0-M2,295,False,286,286,0.9695
1.0.0-M3,242,False,214,214,0.8843
1.0.0-M4,218,False,196,196,0.8991
1.0.0-M5,227,False,201,201,0.8855
1.0.0-M6,295,False,277,277,0.939
1.0.0-M7,129,False,130,129,0.9923
1.0.0-M8,139,False,141,139,0.9858
1.0.0,133,False,133,133,1.0
1.1.0-M1,161,False,161,161,1.0
1.1.0-M2,181,False,184,181,0.9837
1.1.0-M3,183,False,183,183,1.0
1.1.0-M4,198,False,198,198,1.0
1.1.0,199,False,200,199,0.995
2.0.0-M1,202,False,209,202,0.9665
2.0.0-M2,0,True,209,0,0.0
2.0.0-M3,0,True,188,0,0.0
2.0.0-M4,0,True,189,0,0.0
2.0.0-M5,192,False,193,192,0.9948
2.0.0-M6,193,False,193,193,1.0
2.0.0-M7,190,False,190,190,1.0
2.0.0-M8,194,False,194,194,1.0
2.0.0,180,False,180,180,1.0
2.1.0-M1,0,True,188,0,0.0
