version,classes,packages,class_dependencies,raw_dependency_rows,connected_classes,isolated_classes,noise_classes,noise_pct,noise_fallback,classes_without_noise,dependencies_without_noise
0.8.0,286,82,827,4003,284,2,21,7.39,True,261,580
1.0.0-M1,483,140,1593,7716,479,4,95,19.83,False,366,557
1.0.0-M2,657,184,2329,11356,650,7,127,19.54,False,502,822
1.0.0-M3,700,198,2680,12431,691,9,114,16.5,False,558,944
1.0.0-M4,732,208,2895,13323,723,9,114,15.77,False,591,1046
1.0.0-M5,753,227,3053,14533,744,9,113,15.19,False,610,1080
1.0.0-M6,767,229,3104,14261,756,11,147,19.44,False,581,1082
1.0.0-M7,815,237,3241,14764,804,11,72,8.96,False,703,1864
1.0.0-M8,799,236,3097,14168,787,12,77,9.78,False,678,1762
1.0.0,768,224,2969,13875,755,13,71,9.4,False,655,1678
1.1.0-M1,827,247,3194,15093,814,13,91,11.18,False,690,1760
1.1.0-M2,876,260,3365,15847,863,13,108,12.51,False,715,1818
1.1.0-M3,897,265,3387,15997,884,13,106,11.99,False,735,1819
1.1.0-M4,914,266,3472,16454,901,13,108,11.99,False,750,1863
1.1.0,915,266,3440,16485,901,14,111,12.32,False,745,1816
2.0.0-M1,948,271,3590,17186,933,15,112,12.0,False,778,1909
2.0.0-M2,981,282,3746,17808,968,13,112,11.57,False,814,1987
2.0.0-M3,1098,304,4181,19166,1087,11,123,11.32,False,923,2440
2.0.0-M4,1099,304,4181,19225,1088,11,124,11.4,False,924,2440
2.0.0-M5,995,279,3583,16365,986,9,125,12.68,False,823,2162
2.0.0-M6,985,276,3554,16530,976,9,123,12.6,False,817,2157
2.0.0-M7,968,270,3520,16406,960,8,123,12.81,False,806,2123
2.0.0-M8,971,271,3538,16567,963,8,126,13.08,False,806,2118
2.0.0,976,275,3451,16305,966,10,112,11.59,False,826,2434
2.1.0-M1,1026,283,3725,17607,1016,10,116,11.42,False,879,2582
